City_ID,City,Country,Date,Lat,Lng,Max Temp,Humidity,Cloudiness,Wind Speed
0,San Patricio,US,2021-04-11 20:47:13,28.017,-97.5169,87.8,48,1,12.66
1,Yellowknife,CA,2021-04-11 20:47:14,62.456,-114.3525,9.0,66,90,8.05
2,Chapais,CA,2021-04-11 20:47:14,49.7834,-74.8492,59.0,29,75,12.66
3,Elko,US,2021-04-11 20:45:11,41.0002,-115.5012,55.0,22,1,12.66
4,Bengkulu,ID,2021-04-11 20:47:15,-3.8004,102.2655,75.34,90,100,4.63
5,Port Alfred,ZA,2021-04-11 20:47:15,-33.5906,26.891,66.58,91,96,3.71
6,Palmer,US,2021-04-11 20:47:15,42.1584,-72.3287,51.8,71,90,14.97
7,Ushuaia,AR,2021-04-11 20:45:28,-54.8,-68.3,50.0,53,75,19.57
8,Hilo,US,2021-04-11 20:43:10,19.7297,-155.09,80.6,44,40,6.91
9,High Level,CA,2021-04-11 20:44:47,58.5169,-117.136,23.0,63,40,8.05
10,Port Elizabeth,ZA,2021-04-11 20:43:24,-33.918,25.5701,59.0,87,77,3.06
11,Maarianhamina,AX,2021-04-11 20:47:16,60.0973,19.9348,37.4,81,90,10.36
12,Lompoc,US,2021-04-11 20:47:17,34.6391,-120.4579,66.0,63,86,21.85
13,Saumur,FR,2021-04-11 20:47:17,47.3333,-0.25,42.01,93,0,2.3
14,Tasiilaq,GL,2021-04-11 20:47:17,65.6145,-37.6368,30.2,69,0,5.37
15,Torbay,CA,2021-04-11 20:47:18,47.6666,-52.7314,34.0,100,90,9.22
16,Vaini,TO,2021-04-11 20:47:18,-21.2,-175.2,77.0,78,20,5.75
17,Skelleftea,SE,2021-04-11 20:47:18,64.7507,20.9528,33.8,55,2,3.44
18,Vao,NC,2021-04-11 20:45:56,-22.6667,167.4833,75.83,78,31,6.51
19,Ribeira Grande,PT,2021-04-11 20:47:19,38.5167,-28.7,62.6,94,75,10.36
20,Nishihara,JP,2021-04-11 20:47:19,26.1842,127.7558,69.8,68,20,9.22
21,Chuy,UY,2021-04-11 20:47:19,-33.6971,-53.4616,64.11,79,93,20.15
22,Cidreira,BR,2021-04-11 20:47:20,-30.1811,-50.2056,81.03,62,80,4.88
23,Khatanga,RU,2021-04-11 20:47:20,71.9667,102.5,17.02,84,99,12.21
24,Belaya Gora,RU,2021-04-11 20:47:20,68.5333,146.4167,-16.04,99,97,4.14
25,Carnarvon,AU,2021-04-11 20:47:21,-24.8667,113.6333,78.8,89,90,16.11
26,Mar Del Plata,AR,2021-04-11 20:47:21,-38.0023,-57.5575,66.99,59,20,11.5
27,Nanzhou,CN,2021-04-11 20:47:21,29.3596,112.4024,54.43,97,100,4.5
28,Puerto Ayora,EC,2021-04-11 20:47:22,-0.7393,-90.3518,82.4,74,40,9.22
29,Albany,US,2021-04-11 20:47:22,42.6001,-73.9662,64.99,76,100,4.0
30,Maniwaki,CA,2021-04-11 20:47:22,46.3834,-75.966,71.6,35,100,11.5
31,Chernyshevskiy,RU,2021-04-11 20:47:23,63.0128,112.4714,-14.4,100,24,1.88
32,Hermanus,ZA,2021-04-11 20:47:23,-34.4187,19.2345,64.99,85,100,3.0
33,Abu Dhabi,AE,2021-04-11 20:44:06,24.4667,54.3667,87.8,27,0,4.61
34,Qaanaaq,GL,2021-04-11 20:47:24,77.484,-69.3632,22.95,94,100,11.9
35,Souillac,MU,2021-04-11 20:45:43,-20.5167,57.5167,78.8,89,40,6.91
36,Mangrol,IN,2021-04-11 20:47:24,21.1167,70.1167,78.51,71,0,12.06
37,Faanui,PF,2021-04-11 20:47:24,-16.4833,-151.75,82.47,70,100,11.25
38,Saint-Philippe,RE,2021-04-11 20:47:25,-21.3585,55.7679,77.0,78,0,6.91
39,Longyearbyen,SJ,2021-04-11 20:47:25,78.2186,15.6401,19.4,58,75,16.11
40,Hami,CN,2021-04-11 20:47:26,42.8,93.45,53.44,33,100,11.12
41,Butaritari,KI,2021-04-11 20:47:26,3.0707,172.7902,80.94,78,31,9.71
42,Nikolskoye,RU,2021-04-11 20:47:26,59.7035,30.7861,43.0,45,0,4.47
43,Bluff,NZ,2021-04-11 20:47:27,-46.6,168.3333,48.99,98,22,10.83
44,Hithadhoo,MV,2021-04-11 20:47:27,-0.6,73.0833,82.67,75,94,11.01
45,Castro,BR,2021-04-11 20:47:27,-24.7911,-50.0119,68.38,67,13,3.87
46,Saskylakh,RU,2021-04-11 20:47:28,71.9167,114.0833,10.58,96,91,7.23
47,Pangai,TO,2021-04-11 20:47:28,-19.8,-174.35,78.8,78,75,2.3
48,Dikson,RU,2021-04-11 20:47:28,73.5069,80.5464,30.79,87,100,26.08
49,Morondava,MG,2021-04-11 20:47:29,-20.2833,44.2833,78.17,67,87,7.25
50,Saint George,US,2021-04-11 20:47:29,37.1041,-113.5841,82.99,10,1,8.05
51,Anloga,GH,2021-04-11 20:47:29,5.7947,0.8973,84.2,84,40,11.5
52,Cape Town,ZA,2021-04-11 20:47:30,-33.9258,18.4232,66.0,94,0,12.66
53,Aklavik,CA,2021-04-11 20:47:30,68.2191,-135.0107,5.0,39,13,6.91
54,Touros,BR,2021-04-11 20:47:30,-5.1989,-35.4608,82.4,78,40,10.36
55,Cabo San Lucas,MX,2021-04-11 20:47:31,22.8909,-109.9124,84.0,41,75,11.5
56,Hobart,AU,2021-04-11 20:47:31,-42.8794,147.3294,48.99,81,75,11.5
57,Barrow,US,2021-04-11 20:43:23,71.2906,-156.7887,-14.8,91,1,3.44
58,Busselton,AU,2021-04-11 20:47:32,-33.65,115.3333,61.0,98,100,10.74
59,Yenagoa,NG,2021-04-11 20:47:32,4.9247,6.2642,78.4,84,76,4.65
60,Vila Franca Do Campo,PT,2021-04-11 20:47:32,37.7167,-25.4333,62.6,94,75,9.22
61,Talas,TR,2021-04-11 20:47:33,38.6908,35.5538,32.0,93,90,1.95
62,Lucan,IE,2021-04-11 20:47:33,53.3592,-6.4389,39.99,87,75,12.66
63,New Norfolk,AU,2021-04-11 20:47:33,-42.7826,147.0587,48.99,78,100,2.37
64,Port Hardy,CA,2021-04-11 20:47:34,50.6996,-127.4199,44.6,49,20,12.66
65,Japura,ID,2021-04-11 20:47:34,-0.3167,102.35,72.61,98,77,1.74
66,Ponta Do Sol,PT,2021-04-11 20:47:34,32.6667,-17.1,62.01,78,100,1.99
67,Leh,IN,2021-04-11 20:47:21,34.1667,77.5833,30.54,87,100,2.82
68,Rikitea,PF,2021-04-11 20:47:35,-23.1203,-134.9692,78.35,74,8,8.57
69,Punta Arenas,CL,2021-04-11 20:47:35,-53.15,-70.9167,59.0,36,0,17.27
70,Victoria,HK,2021-04-11 20:47:35,22.2855,114.1577,73.0,86,93,1.99
71,Lavrentiya,RU,2021-04-11 20:47:36,65.5833,-171.0,4.89,75,100,31.14
72,Cairns,AU,2021-04-11 20:46:23,-16.9167,145.7667,71.6,94,4,2.3
73,Tuktoyaktuk,CA,2021-04-11 20:47:36,69.4541,-133.0374,-9.4,70,1,10.36
74,Broome,US,2021-04-11 20:43:30,42.2506,-75.833,61.0,100,90,18.41
75,Nioro,GM,2021-04-11 20:47:37,13.35,-15.75,81.99,39,3,10.76
76,New Amsterdam,GY,2021-04-11 20:47:37,6.25,-57.5167,78.44,83,100,2.51
77,Bambous Virieux,MU,2021-04-11 20:47:37,-20.3428,57.7575,79.0,89,40,6.91
78,Kontagora,NG,2021-04-11 20:44:13,10.3999,5.4695,89.92,27,25,3.58
79,Bredasdorp,ZA,2021-04-11 20:47:38,-34.5322,20.0403,57.2,94,100,2.3
80,Mataura,NZ,2021-04-11 20:47:38,-46.1927,168.8643,48.99,98,82,3.76
81,Lakatoro,VU,2021-04-11 20:47:39,-16.0999,167.4164,79.84,77,95,2.8
82,Tongren,CN,2021-04-11 20:47:39,27.7172,109.1853,57.63,98,100,0.92
83,Pierre,US,2021-04-11 20:47:39,44.3683,-100.351,60.01,61,90,20.71
84,Matamoros,MX,2021-04-11 20:47:40,25.5333,-103.25,89.6,12,75,5.64
85,Inhambane,MZ,2021-04-11 20:47:40,-23.865,35.3833,72.88,82,0,7.31
86,Bardiyah,LY,2021-04-11 20:47:40,31.7561,25.0865,56.68,58,5,7.29
87,Coquimbo,CL,2021-04-11 20:47:41,-29.9533,-71.3436,60.8,77,20,14.97
88,Baherden,TM,2021-04-11 20:47:41,38.4362,57.4316,67.84,22,62,11.48
89,Raga,SS,2021-04-11 20:47:41,8.4596,25.678,85.15,28,100,1.77
90,Caala,AO,2021-04-11 20:47:42,-12.8525,15.5606,60.96,80,96,4.0
91,Boende,CD,2021-04-11 20:47:42,-0.2167,20.8667,66.88,97,100,2.37
92,Jacareacanga,BR,2021-04-11 20:47:42,-6.2222,-57.7528,80.44,86,73,1.86
93,Kavieng,PG,2021-04-11 20:47:43,-2.5744,150.7967,77.52,86,100,2.62
94,San Vicente,AR,2021-04-11 20:45:01,-26.6167,-54.1333,70.47,92,83,1.59
95,Lebu,CL,2021-04-11 20:47:43,-37.6167,-73.65,59.63,78,0,13.47
96,Nanortalik,GL,2021-04-11 20:47:44,60.1432,-45.2371,37.42,59,0,6.06
97,Qaqortoq,GL,2021-04-11 20:47:44,60.7167,-46.0333,51.8,25,0,13.8
98,Mocuba,MZ,2021-04-11 20:47:45,-16.8392,36.9856,70.5,97,100,0.29
99,Leningradskiy,RU,2021-04-11 20:46:02,69.3833,178.4167,-8.25,87,10,5.23
100,East London,ZA,2021-04-11 20:47:45,-33.0153,27.9116,71.35,84,100,3.02
101,Cherskiy,RU,2021-04-11 20:45:29,68.75,161.3,-18.18,99,100,3.85
102,Atuona,PF,2021-04-11 20:45:54,-9.8,-139.0333,80.71,76,19,17.43
103,Evans,US,2021-04-11 20:47:46,33.5337,-82.1307,79.0,41,20,9.22
104,Bokhan,RU,2021-04-11 20:47:46,53.153,103.7714,26.49,64,64,3.0
105,Moche,PE,2021-04-11 20:47:46,-8.1711,-79.0092,69.8,83,20,10.36
106,Samarai,PG,2021-04-11 20:47:47,-10.6167,150.6667,79.81,64,25,8.72
107,Victor Harbor,AU,2021-04-11 20:47:47,-35.5667,138.6167,53.01,75,100,6.55
108,Sumbe,AO,2021-04-11 20:47:47,-11.2061,13.8437,81.61,82,100,5.12
109,Ust-Ilimsk,RU,2021-04-11 20:47:48,58.0006,102.6619,26.98,96,100,6.85
110,Ahuimanu,US,2021-04-11 20:47:48,21.4447,-157.8378,75.2,68,75,6.91
111,Te Anau,NZ,2021-04-11 20:47:48,-45.4167,167.7167,50.79,92,75,0.78
112,Praia Da Vitoria,PT,2021-04-11 20:47:49,38.7333,-27.0667,64.4,88,40,9.42
113,Banja Luka,BA,2021-04-11 20:45:16,44.7758,17.1856,50.0,76,0,8.05
114,Allingabro,DK,2021-04-11 20:47:49,56.465,10.3341,37.0,100,90,12.66
115,Chulman,RU,2021-04-11 20:47:50,56.8479,124.9104,-10.14,99,100,2.48
116,Kapaa,US,2021-04-11 20:47:44,22.0752,-159.319,73.99,83,75,11.5
117,Thompson,CA,2021-04-11 20:47:50,55.7435,-97.8558,23.0,68,90,11.5
118,Henties Bay,NA,2021-04-11 20:47:51,-22.116,14.2845,78.01,56,1,1.01
119,Sao Geraldo Do Araguaia,BR,2021-04-11 20:44:07,-6.4006,-48.555,76.8,89,94,2.15
120,Mardin,TR,2021-04-11 20:44:36,37.3131,40.7436,39.43,71,1,3.56
121,Najran,SA,2021-04-11 20:47:30,17.4924,44.1277,82.4,17,0,4.61
122,Ola,RU,2021-04-11 20:44:56,59.5833,151.2833,9.12,72,100,17.45
123,Srednekolymsk,RU,2021-04-11 20:47:51,67.45,153.6833,-16.69,99,100,2.13
124,Balikpapan,ID,2021-04-11 20:47:52,-1.2675,116.8289,74.59,92,95,2.82
125,Mitsamiouli,KM,2021-04-11 20:43:37,-11.3847,43.2844,81.59,74,98,8.41
126,Pyay,MM,2021-04-11 20:47:52,18.8167,95.2167,81.91,61,57,3.04
127,Tiksi,RU,2021-04-11 20:47:53,71.6872,128.8694,4.28,71,100,7.92
128,Avarua,CK,2021-04-11 20:47:53,-21.2078,-159.775,80.6,83,18,6.91
129,Birao,CF,2021-04-11 20:47:54,10.2849,22.7882,82.49,12,100,6.04
130,Selu,IN,2021-04-11 20:47:54,19.4667,76.4667,83.88,37,91,4.05
131,Narrabri,AU,2021-04-11 20:47:54,-30.3167,149.7833,41.0,70,0,6.91
132,Hakkari,TR,2021-04-11 20:44:33,37.5833,44.1667,37.76,81,1,5.59
133,Severo-Kurilsk,RU,2021-04-11 20:47:55,50.6789,156.125,33.89,67,100,6.73
134,Arraial Do Cabo,BR,2021-04-11 20:47:55,-22.9661,-42.0278,82.4,69,0,11.5
135,Port Hedland,AU,2021-04-11 20:47:55,-20.3167,118.5667,77.0,94,94,4.61
136,Gamba,GA,2021-04-11 20:47:56,-2.65,10.0,79.66,84,86,3.89
137,Iralaya,HN,2021-04-11 20:47:56,15.0,-83.2333,87.8,74,40,11.5
138,Neryungri,RU,2021-04-11 20:47:56,56.6709,124.6491,-12.23,98,90,3.47
139,Honiara,SB,2021-04-11 20:47:57,-9.4333,159.95,77.83,86,100,3.04
140,Harwich,GB,2021-04-11 20:47:57,51.9419,1.2844,36.0,71,100,1.99
141,Tabuk,PH,2021-04-11 20:47:57,17.4189,121.4443,68.65,88,64,2.66
142,Arlit,NE,2021-04-11 20:47:58,18.7369,7.3853,87.21,7,0,11.92
143,Mangai,CD,2021-04-11 20:47:58,-4.05,19.5333,67.37,99,98,2.53
144,Port Blair,IN,2021-04-11 20:47:59,11.6667,92.75,81.75,76,100,5.01
145,Hobyo,SO,2021-04-11 20:47:59,5.3505,48.5268,82.38,61,47,11.07
146,Muravlenko,RU,2021-04-11 20:47:59,63.7898,74.523,33.67,94,100,19.1
147,Petropavlovsk-Kamchatskiy,RU,2021-04-11 20:48:00,53.0452,158.6483,26.6,80,70,6.71
148,Buluang,PH,2021-04-11 20:48:00,13.3068,123.3425,72.66,89,94,4.54
149,Coahuayana,MX,2021-04-11 20:48:00,18.7333,-103.6833,84.2,48,20,9.22
150,Beitbridge,ZW,2021-04-11 20:48:01,-22.2167,30.0,72.18,51,0,8.08
151,Nome,US,2021-04-11 20:48:01,64.5011,-165.4064,24.8,80,90,27.63
152,Caravelas,BR,2021-04-11 20:46:01,-17.7125,-39.2481,76.1,79,17,5.59
153,Kapit,MY,2021-04-11 20:48:02,2.0167,112.9333,72.07,99,100,0.2
154,Pimentel,PE,2021-04-11 20:48:02,-6.8367,-79.9342,77.0,61,0,19.57
155,Shumskiy,RU,2021-04-11 20:48:03,54.8318,99.1328,25.86,90,100,3.69
156,Buraydah,SA,2021-04-11 20:48:03,26.326,43.975,71.6,33,0,14.97
157,Ulkan,RU,2021-04-11 20:48:03,57.243,107.3223,14.54,95,98,3.69
158,General Bravo,MX,2021-04-11 20:48:04,25.8,-99.1667,91.11,39,18,7.31
159,Leo,BF,2021-04-11 20:48:04,11.1,-2.1,91.11,21,71,6.53
160,Gimbi,ET,2021-04-11 20:48:05,9.1667,35.8333,69.03,38,93,4.18
161,Tubmanburg,LR,2021-04-11 20:48:05,6.8708,-10.8172,78.64,86,54,2.95
162,Monrovia,LR,2021-04-11 20:47:24,6.3005,-10.7969,78.8,94,20,7.38
163,Araouane,ML,2021-04-11 20:48:05,18.9048,-3.5265,91.04,8,0,8.46
164,Wairoa,NZ,2021-04-11 20:48:06,-39.0333,177.3667,62.01,93,79,1.99
165,Senneterre,CA,2021-04-11 20:48:06,48.3835,-77.2328,75.2,31,75,10.36
166,Abapo,BO,2021-04-11 20:48:07,-18.8333,-63.4667,61.2,97,100,2.62
167,Iqaluit,CA,2021-04-11 20:46:54,63.7506,-68.5145,28.4,93,90,20.71
168,Kingman,US,2021-04-11 20:48:07,35.1894,-114.053,82.4,5,1,17.27
169,Raton,US,2021-04-11 20:48:08,36.9034,-104.4391,73.0,5,1,17.27
170,Bozhou,CN,2021-04-11 20:48:08,33.8772,115.7703,53.35,94,100,3.8
171,College,US,2021-04-11 20:48:08,64.8569,-147.8028,25.0,35,75,9.22
172,Upernavik,GL,2021-04-11 20:45:53,72.7868,-56.1549,30.99,76,100,17.98
173,Seoul,KR,2021-04-11 20:45:59,37.5683,126.9778,55.4,82,0,1.14
174,Cuamba,MZ,2021-04-11 20:48:09,-14.8031,36.5372,66.76,97,100,2.24
175,Mahebourg,MU,2021-04-11 20:45:42,-20.4081,57.7,78.8,89,40,6.91
176,Walvis Bay,NA,2021-04-11 20:48:10,-22.9575,14.5053,78.01,56,6,1.01
177,Cape Coast,GH,2021-04-11 20:48:10,5.1053,-1.2466,81.99,84,99,10.67
178,Bilma,NE,2021-04-11 20:48:11,18.6853,12.9164,85.42,8,15,10.11
179,Saldanha,ZA,2021-04-11 20:45:42,-33.0117,17.9442,64.4,77,100,4.61
180,Provideniya,RU,2021-04-11 20:45:34,64.3833,-173.3,10.81,86,100,29.86
181,Airai,TL,2021-04-11 20:48:11,-8.9266,125.4092,58.21,87,27,2.06
182,Olafsvik,IS,2021-04-11 20:48:12,64.8945,-23.7142,36.1,77,98,19.42
183,Cartagena,CO,2021-04-11 20:45:27,10.3997,-75.5144,87.8,70,40,9.22
184,Harper,LR,2021-04-11 20:48:12,4.375,-7.7169,81.18,81,45,9.22
185,Kaitangata,NZ,2021-04-11 20:48:13,-46.2817,169.8464,53.11,95,38,3.89
186,Morro Bay,US,2021-04-11 20:48:13,35.3658,-120.8499,73.99,53,96,5.99
187,Lesozavodsk,RU,2021-04-11 20:48:13,45.4794,133.4244,48.2,67,100,12.57
188,Tomatlan,MX,2021-04-11 20:48:14,19.9333,-105.25,85.64,43,74,11.1
189,Astoria,US,2021-04-11 20:48:14,46.1879,-123.8313,51.8,46,1,6.91
190,Narsaq,GL,2021-04-11 20:46:36,60.9167,-46.05,51.8,25,0,13.8
191,Mansa,IN,2021-04-11 20:48:14,29.9833,75.3833,78.4,13,43,4.92
192,Brae,GB,2021-04-11 20:47:41,60.3964,-1.353,35.6,75,51,11.5
193,Pevek,RU,2021-04-11 20:45:33,69.7008,170.3133,-17.48,100,100,4.47
194,Changde,CN,2021-04-11 20:48:15,29.0464,111.6783,54.36,98,100,2.93
195,Jorhat,IN,2021-04-11 20:48:15,26.75,94.2167,73.47,54,2,7.31
196,South Lake Tahoe,US,2021-04-11 20:45:37,38.9332,-119.9844,64.0,26,1,9.22
197,Constitucion,CL,2021-04-11 20:48:08,-35.3333,-72.4167,66.79,59,0,17.43
198,Husavik,IS,2021-04-11 20:48:16,66.0449,-17.3389,35.6,75,90,6.91
199,Bure,ET,2021-04-11 20:48:16,10.7,37.0667,70.09,42,92,4.72
200,Georgetown,MY,2021-04-11 20:46:00,5.4112,100.3354,81.0,89,20,3.44
201,Nkoteng,CM,2021-04-11 20:48:17,4.5167,12.0333,69.91,97,100,1.28
202,Pangody,RU,2021-04-11 20:48:17,65.85,74.4859,32.2,95,100,16.58
203,Camana,PE,2021-04-11 20:48:18,-16.6228,-72.7111,70.23,74,75,9.15
204,Progreso,MX,2021-04-11 20:48:18,21.2833,-89.6667,104.0,31,40,6.91
205,Ishigaki,JP,2021-04-11 20:46:54,24.3448,124.1572,72.91,78,94,18.75
206,Port Maria,JM,2021-04-11 20:48:18,18.3685,-76.8895,84.0,79,85,3.0
207,Los Llanos De Aridane,ES,2021-04-11 20:48:19,28.6585,-17.9182,68.0,77,0,2.66
208,Kurilsk,RU,2021-04-11 20:48:19,45.2333,147.8833,38.64,61,55,6.89
209,Tahe,CN,2021-04-11 20:48:19,52.3333,124.7333,20.03,46,100,5.73
210,Kuruman,ZA,2021-04-11 20:48:20,-27.4524,23.4325,71.13,35,0,4.83
211,Negombo,LK,2021-04-11 20:44:55,7.2083,79.8358,77.0,88,20,2.3
212,Chokurdakh,RU,2021-04-11 20:48:20,70.6333,147.9167,-12.96,97,59,9.82
213,Sharlyk,RU,2021-04-11 20:48:21,52.9167,54.75,39.92,92,10,7.14
214,Saint-Pierre,RE,2021-04-11 20:48:21,-21.3393,55.4781,77.0,78,0,6.91
215,Mareeba,AU,2021-04-11 20:48:21,-17.0,145.4333,71.6,94,3,2.3
216,Kwinana,AU,2021-04-11 20:48:22,-32.25,115.7667,64.4,100,90,12.66
217,Bethel,US,2021-04-11 20:48:22,41.3712,-73.414,59.0,82,90,6.91
218,Clyde River,CA,2021-04-11 20:46:20,70.4692,-68.5914,32.0,69,40,14.97
219,Praia,CV,2021-04-11 20:46:17,14.9215,-23.5087,75.2,53,0,21.85
220,Tecolutla,MX,2021-04-11 20:46:12,20.4833,-97.0167,87.8,55,40,9.22
221,Kodiak,US,2021-04-11 20:45:40,57.79,-152.4072,39.2,87,90,20.71
222,Kamenz,DE,2021-04-11 20:48:23,51.268,14.0937,55.99,87,20,10.36
223,Nemuro,JP,2021-04-11 20:48:23,43.3236,145.575,36.77,85,3,9.31
224,Nizhniy Tsasuchey,RU,2021-04-11 20:48:24,50.5167,115.1333,23.59,45,79,15.77
225,Auki,SB,2021-04-11 20:45:24,-8.7676,160.7034,77.61,86,99,3.18
226,Lagoa,PT,2021-04-11 20:46:11,39.05,-27.9833,61.86,84,100,9.64
227,Yulara,AU,2021-04-11 20:48:24,-25.2406,130.9889,59.0,51,7,9.22
228,Rosetta,EG,2021-04-11 20:48:25,31.4044,30.4164,59.0,55,40,11.5
229,Bemidji,US,2021-04-11 20:48:25,47.4736,-94.8803,48.99,66,90,8.05
230,Berlevag,NO,2021-04-11 20:47:23,70.8578,29.0864,33.8,80,40,27.63
231,Svetlyy,RU,2021-04-11 20:48:26,54.675,20.1347,51.8,62,0,8.95
232,Damaturu,NG,2021-04-11 20:48:26,11.747,11.9608,86.9,6,75,9.6
233,Urumqi,CN,2021-04-11 20:48:26,43.801,87.6005,48.2,21,0,6.71
234,Svetlaya,RU,2021-04-11 20:48:27,46.5389,138.3297,42.28,75,94,9.31
235,Boa Vista,BR,2021-04-11 20:48:27,2.8197,-60.6733,82.4,65,75,5.75
236,Mastic Beach,US,2021-04-11 20:48:28,40.7668,-72.8521,51.01,100,100,5.01
237,Bay Roberts,CA,2021-04-11 20:48:28,47.5999,-53.2648,37.4,87,75,6.91
238,Bolitoc,PH,2021-04-11 20:48:29,15.7395,119.8769,77.83,72,62,3.74
239,Santa Lucia,ES,2021-04-11 20:43:44,27.9117,-15.5407,68.0,77,20,16.11
240,Pauini,BR,2021-04-11 20:48:29,-7.7136,-66.9764,77.2,93,100,2.93
241,Boyolangu,ID,2021-04-11 20:48:29,-8.1181,111.8935,75.0,88,87,0.92
242,Adrar,MR,2021-04-11 20:48:30,20.5022,-10.0711,82.17,16,28,12.21
243,Rodrigues Alves,BR,2021-04-11 20:48:30,-7.738,-72.6509,91.4,58,40,2.3
244,Grand Gaube,MU,2021-04-11 20:48:31,-20.0064,57.6608,79.0,81,99,1.99
245,Waipawa,NZ,2021-04-11 20:48:31,-41.4122,175.5153,63.0,82,38,11.5
246,Odweyne,SO,2021-04-11 20:48:31,9.4092,45.064,75.72,32,12,7.72
247,Churapcha,RU,2021-04-11 20:48:32,62.0025,132.4325,0.55,99,100,1.16
248,Kudymkar,RU,2021-04-11 20:46:23,59.0173,54.656,32.16,93,91,5.17
249,Miri,MY,2021-04-11 20:48:32,4.4148,114.0089,77.0,94,40,2.3
250,Mount Gambier,AU,2021-04-11 20:48:32,-37.8333,140.7667,51.8,82,90,4.61
251,Jamestown,US,2021-04-11 20:46:26,42.097,-79.2353,62.6,55,90,5.75
252,Fort Frances,CA,2021-04-11 20:48:11,48.5999,-93.4003,44.01,87,90,9.22
253,Zabaykalsk,RU,2021-04-11 20:48:33,49.6333,117.3167,24.44,39,92,9.44
254,Neuquen,AR,2021-04-11 20:48:33,-38.9516,-68.0591,77.0,33,0,5.75
255,Tankara,IN,2021-04-11 20:48:34,22.6667,70.7333,79.47,60,0,11.81
256,Omboue,GA,2021-04-11 20:48:34,-1.5746,9.2618,77.67,86,100,3.85
257,Kharp,RU,2021-04-11 20:48:34,66.8014,65.8081,31.14,85,90,15.17
258,Carupano,VE,2021-04-11 20:48:35,10.6678,-63.2585,79.27,85,100,10.42
259,Tilichiki,RU,2021-04-11 20:48:35,60.4667,166.1,10.36,67,75,17.94
260,Misratah,LY,2021-04-11 20:48:15,32.3754,15.0925,63.55,63,30,24.43
261,Turan,VN,2021-04-11 20:44:36,16.0678,108.2208,73.4,94,20,1.14
262,Maragogi,BR,2021-04-11 20:48:36,-9.0122,-35.2225,77.16,87,100,9.4
263,Taiyuan,CN,2021-04-11 20:48:36,37.8694,112.5603,50.0,66,98,2.82
264,Kahului,US,2021-04-11 20:48:37,20.8947,-156.47,77.0,65,40,5.75
265,Warrington,GB,2021-04-11 20:48:37,53.3925,-2.5802,37.99,76,9,4.65
266,Asau,RO,2021-04-11 20:45:53,46.4333,26.4,42.01,45,0,3.49
267,Elliot,ZA,2021-04-11 20:48:37,-31.3333,27.85,62.33,69,93,2.48
268,Westport,US,2021-04-11 20:48:16,41.1415,-73.3579,51.01,93,90,14.97
269,Haradok,BY,2021-04-11 20:48:38,55.4624,29.9816,46.53,79,97,6.6
270,Comodoro Rivadavia,AR,2021-04-11 20:48:38,-45.8667,-67.5,73.4,43,75,18.41
271,Kourou,GF,2021-04-11 20:48:39,5.1552,-52.6478,86.0,70,0,6.91
272,Kommunisticheskiy,RU,2021-04-11 20:48:39,61.6789,64.4819,34.5,89,6,8.99
273,Kaeo,NZ,2021-04-11 20:48:39,-35.1,173.7833,64.99,97,85,1.99
274,Batagay-Alyta,RU,2021-04-11 20:48:40,67.8006,130.4114,-15.65,74,8,5.41
275,Codrington,AU,2021-04-11 20:48:25,-38.2667,141.9667,54.5,74,93,8.93
276,Zaqatala,AZ,2021-04-11 20:48:40,41.6336,46.6433,57.2,82,75,6.91
277,Slave Lake,CA,2021-04-11 20:46:36,55.2834,-114.769,32.0,69,1,5.75
278,Namatanai,PG,2021-04-11 20:46:24,-3.6667,152.4333,78.04,85,100,6.2
279,Isangel,VU,2021-04-11 20:45:27,-19.55,169.2667,79.3,84,91,9.98
280,Thinadhoo,MV,2021-04-11 20:48:41,0.5333,72.9333,82.74,69,48,9.95
281,Fortuna,US,2021-04-11 20:48:41,40.5982,-124.1573,57.99,62,1,16.11
282,Pisco,PE,2021-04-11 20:44:38,-13.7,-76.2167,77.0,57,0,18.41
283,Portland,US,2021-04-11 20:47:17,45.5234,-122.6762,55.99,37,20,6.91
284,Hasaki,JP,2021-04-11 20:45:32,35.7333,140.8333,46.4,93,20,3.44
285,Eureka,US,2021-04-11 20:48:42,40.8021,-124.1637,59.0,59,0,8.99
286,Stornoway,GB,2021-04-11 20:48:43,58.2093,-6.3865,34.0,69,20,2.3
287,Luderitz,NA,2021-04-11 20:48:43,-26.6481,15.1594,73.83,47,0,4.99
288,Taoudenni,ML,2021-04-11 20:44:00,22.6783,-3.9836,88.95,13,0,6.62
289,Alofi,NU,2021-04-11 20:47:25,-19.0595,-169.9187,78.8,83,75,3.44
290,Palana,RU,2021-04-11 20:48:44,59.1167,159.9667,5.99,93,99,2.21
291,Latung,PH,2021-04-11 20:48:44,5.5,120.8833,82.74,75,100,7.7
292,Turkistan,KZ,2021-04-11 20:48:44,43.0,68.0,48.54,56,93,3.29
293,Norman Wells,CA,2021-04-11 20:48:45,65.282,-126.8329,3.2,47,1,10.36
294,Camacha,PT,2021-04-11 20:48:45,33.0833,-16.3333,66.2,88,40,10.36
295,Itarema,BR,2021-04-11 20:48:45,-2.9248,-39.9167,79.99,80,100,11.65
296,Scarborough,GB,2021-04-11 20:48:46,54.2797,-0.4044,35.01,80,73,6.89
297,San Quintin,MX,2021-04-11 20:46:10,30.4833,-115.95,62.26,70,64,10.8
298,Sabha,LY,2021-04-11 20:48:04,27.0377,14.4283,77.38,14,87,22.35
299,Sai Buri,TH,2021-04-11 20:48:46,6.7013,101.6168,78.04,84,17,6.76
300,Gravdal,NO,2021-04-11 20:48:47,68.1214,13.5031,33.8,80,75,9.22
301,Ojinaga,MX,2021-04-11 20:48:47,29.5667,-104.4167,87.8,8,1,9.22
302,George,ZA,2021-04-11 20:48:48,-33.963,22.4617,57.2,100,90,5.75
303,Mackay,AU,2021-04-11 20:48:48,-21.15,149.2,69.8,73,40,5.75
304,Padang,ID,2021-04-11 20:48:48,-0.9492,100.3543,75.2,100,90,3.44
305,Haicheng,CN,2021-04-11 20:48:49,40.8516,122.7475,50.47,50,100,8.32
306,Alugan,PH,2021-04-11 20:48:49,12.2188,125.4808,77.23,85,100,7.29
307,Talnakh,RU,2021-04-11 20:47:25,69.4865,88.3972,26.35,92,100,13.44
308,Ilulissat,GL,2021-04-11 20:45:44,69.2167,-51.1,33.8,51,20,17.27
309,Torit,SS,2021-04-11 20:48:50,4.4133,32.5678,75.78,72,79,2.51
310,Rosamorada,MX,2021-04-11 20:48:50,22.1222,-105.2058,94.32,24,44,11.21
311,Kabinda,CD,2021-04-11 20:48:50,-6.1333,24.4833,67.14,94,87,1.07
312,Saint-Georges,GD,2021-04-11 20:48:51,12.0564,-61.7485,84.2,74,20,16.11
313,Geraldton,AU,2021-04-11 20:48:51,-28.7667,114.6,73.4,94,75,19.57
314,Birecik,TR,2021-04-11 20:48:51,37.0294,37.9903,44.6,87,75,3.24
315,Burgersdorp,ZA,2021-04-11 20:48:52,-30.9977,26.3286,67.15,38,38,3.2
316,Manta,EC,2021-04-11 20:48:52,-0.95,-80.7333,86.0,62,75,11.5
317,Obzor,BG,2021-04-11 20:48:52,42.8167,27.8833,41.0,75,0,4.61
318,Fare,PF,2021-04-11 20:48:53,-16.7,-151.0167,81.88,74,93,12.37
319,Santa Cruz Del Sur,CU,2021-04-11 20:48:53,20.7147,-77.9956,83.23,67,57,13.09
320,Strezhevoy,RU,2021-04-11 20:44:22,60.7333,77.5889,41.0,70,90,8.95
321,Merauke,ID,2021-04-11 20:48:54,-8.4667,140.3333,76.62,85,24,5.35
322,Adwa,ET,2021-04-11 20:48:54,14.1646,38.8955,70.66,53,97,3.56
323,Tautira,PF,2021-04-11 20:48:54,-17.7333,-149.15,87.8,58,75,12.66
324,Lorengau,PG,2021-04-11 20:48:55,-2.0226,147.2712,78.4,89,100,12.12
325,Coihaique,CL,2021-04-11 20:48:08,-45.5752,-72.0662,60.8,67,75,14.97
326,Pacatuba,BR,2021-04-11 20:46:17,-3.9842,-38.6203,82.4,78,20,5.75
327,Esna,EG,2021-04-11 20:48:55,25.2934,32.554,66.2,30,0,3.44
328,Pacific Grove,US,2021-04-11 20:44:05,36.6177,-121.9166,57.2,62,40,10.36
329,Hoquiam,US,2021-04-11 20:48:56,46.9809,-123.8893,53.01,53,40,8.05
330,Naraini,IN,2021-04-11 20:48:56,25.1833,80.4833,82.54,27,3,4.76
331,Kalabo,ZM,2021-04-11 20:48:57,-14.97,22.6814,63.84,57,24,5.82
332,Uige,AO,2021-04-11 20:48:57,-7.6087,15.0613,66.97,94,97,3.4
333,Atar,MR,2021-04-11 20:48:57,20.5169,-13.0499,84.07,17,1,10.2
334,Daru,PG,2021-04-11 20:48:58,-9.0763,143.2092,76.82,84,95,3.53
335,Hamilton,US,2021-04-11 20:48:56,39.1834,-84.5333,52.0,82,90,16.11
336,Faya,SA,2021-04-11 20:48:58,18.3851,42.4509,64.4,48,0,1.07
337,Klaksvik,FO,2021-04-11 20:48:59,62.2266,-6.589,30.2,80,80,11.45
338,Aranos,NA,2021-04-11 20:48:59,-24.1333,19.1167,73.63,33,0,8.46
339,Calvia,ES,2021-04-11 20:49:00,39.5657,2.5062,62.6,82,40,4.61
340,Ust-Tsilma,RU,2021-04-11 20:49:00,65.441,52.1498,34.2,71,35,12.33
341,Barra Da Estiva,BR,2021-04-11 20:49:00,-13.6261,-41.3269,72.79,57,100,5.91
342,Vukovar,HR,2021-04-11 20:49:01,45.3433,18.9997,46.4,81,0,5.75
343,Axim,GH,2021-04-11 20:49:01,4.8699,-2.2405,81.59,84,97,8.72
344,Vanimo,PG,2021-04-11 20:49:02,-2.6741,141.3028,78.03,88,100,5.68
345,Acarau,BR,2021-04-11 20:49:02,-2.8856,-40.12,79.86,81,100,11.7
346,Sioux Lookout,CA,2021-04-11 20:49:02,50.1001,-91.917,37.4,93,90,8.05
347,Mount Isa,AU,2021-04-11 20:49:03,-20.7333,139.5,64.4,32,0,12.66
348,Cayenne,GF,2021-04-11 20:49:03,4.9333,-52.3333,86.0,70,0,6.91
349,Bathsheba,BB,2021-04-11 20:49:03,13.2167,-59.5167,79.43,77,68,15.23
350,Komsomolskiy,UZ,2021-04-11 20:49:04,40.4272,71.7189,53.6,50,5,4.61
351,Dale,US,2021-04-11 20:49:04,38.1689,-86.99,68.0,100,90,4.61
352,Maralal,KE,2021-04-11 20:49:04,1.0968,36.698,60.62,84,89,8.61
353,Oktyabrskiy,RU,2021-04-11 20:49:05,54.4815,53.471,46.49,86,100,4.16
354,Sao Filipe,CV,2021-04-11 20:49:05,14.8961,-24.4956,76.03,67,0,8.88
355,Lumeje,AO,2021-04-11 20:49:05,-11.55,20.7833,69.73,62,100,4.27
356,Kiskunmajsa,HU,2021-04-11 20:49:06,46.4903,19.74,52.0,71,0,4.61
357,Ambah,IN,2021-04-11 20:49:06,26.7075,78.2261,81.45,11,0,4.32
358,Nabisar,PK,2021-04-11 20:49:06,25.0685,69.6419,81.59,30,0,9.53
359,Guiratinga,BR,2021-04-11 20:49:07,-16.3494,-53.7583,80.19,58,63,3.62
360,Namibe,AO,2021-04-11 20:49:07,-15.1961,12.1522,80.11,69,65,3.38
361,Uruzgan,AF,2021-04-11 20:49:07,32.8333,66.0,57.25,51,16,6.89
362,Yola,NG,2021-04-11 20:49:08,9.2,12.4833,92.71,27,98,5.77
363,Venice,US,2021-04-11 20:49:08,27.0998,-82.4543,66.2,100,75,13.8
364,Pryluky,UA,2021-04-11 20:49:09,50.5932,32.3876,46.02,63,99,7.31
365,Urubicha,BO,2021-04-11 20:49:09,-15.3833,-62.95,77.79,92,71,2.57
366,Atbasar,KZ,2021-04-11 20:49:09,51.8,68.3333,28.9,97,56,5.55
367,Booue,GA,2021-04-11 20:49:10,-0.0921,11.9385,75.2,94,99,1.61
368,Katsuura,JP,2021-04-11 20:49:10,35.1333,140.3,53.6,76,20,8.05
369,Kazanskoye,RU,2021-04-11 20:49:10,55.6448,69.235,32.59,86,70,8.32
370,Karratha,AU,2021-04-11 20:49:11,-20.7377,116.8463,82.51,77,70,6.51
371,Muroto,JP,2021-04-11 20:49:11,33.2833,134.15,61.74,68,100,17.63
372,Jaisalmer,IN,2021-04-11 20:46:02,26.9147,70.9181,86.04,9,0,10.65
373,Sumter,US,2021-04-11 20:49:11,28.7086,-82.0831,62.6,94,90,11.5
374,Qunduz,AF,2021-04-11 20:49:12,36.729,68.857,64.89,51,0,3.56
375,Saint-Francois,FR,2021-04-11 20:49:12,46.4154,3.9054,41.0,93,90,10.36
376,Polson,US,2021-04-11 20:45:45,47.6936,-114.1632,42.01,49,100,2.77
377,Rebrikha,RU,2021-04-11 20:49:13,53.0733,82.3408,30.99,95,100,5.7
378,Sitka,US,2021-04-11 20:49:13,57.0531,-135.33,37.4,75,90,3.4
379,Ayan,RU,2021-04-11 20:49:13,56.45,138.1667,12.22,73,89,10.87
380,Vanino,RU,2021-04-11 20:49:14,49.0869,140.2543,41.65,90,100,0.58
381,Aloleng,PH,2021-04-11 20:49:14,16.1307,119.7824,79.27,73,90,5.59
382,Vila Velha,BR,2021-04-11 20:49:14,-20.3297,-40.2925,80.6,69,0,6.91
383,Lasa,IT,2021-04-11 20:49:15,46.6166,10.7002,48.99,93,75,5.75
384,Naze,JP,2021-04-11 20:49:15,28.3667,129.4833,64.89,69,52,18.92
385,Praya,CV,2021-04-11 20:49:15,14.9215,-23.5087,75.2,53,0,21.85
386,Otorohanga,NZ,2021-04-11 20:49:16,-38.1833,175.2,66.99,92,79,1.01
387,Vardo,NO,2021-04-11 20:49:16,70.3705,31.1107,32.0,80,75,23.02
388,Raudeberg,NO,2021-04-11 20:49:16,61.9875,5.1352,37.99,79,11,14.27
389,Sao Gabriel Da Cachoeira,BR,2021-04-11 20:49:17,-0.1303,-67.0892,76.21,95,100,3.98
390,Altay,CN,2021-04-11 20:49:17,47.8667,88.1167,34.61,31,0,10.56
391,Santarem,BR,2021-04-11 20:49:17,-2.4431,-54.7083,80.6,83,20,5.75
392,Sorong,ID,2021-04-11 20:49:18,-0.8833,131.25,79.27,81,100,3.71
393,Bairiki,KI,2021-04-11 20:49:18,1.3292,172.9752,82.4,78,75,4.61
394,Tevaitoa,PF,2021-04-11 20:49:18,-16.7833,-151.5,81.91,76,100,11.5
395,Bandarbeyla,SO,2021-04-11 20:46:23,9.4942,50.8122,79.07,70,8,7.34
396,Grindavik,IS,2021-04-11 20:49:19,63.8424,-22.4338,37.4,87,75,16.11
397,Niesky,DE,2021-04-11 20:49:19,51.2924,14.8211,55.99,65,85,1.01
398,Lock Haven,US,2021-04-11 20:49:19,41.137,-77.4469,64.0,83,96,1.99
399,Dunedin,NZ,2021-04-11 20:49:20,-45.8742,170.5036,57.99,81,49,3.42
400,Hailar,CN,2021-04-11 20:49:20,49.2,119.7,26.38,88,100,19.19
401,Esperance,AU,2021-04-11 20:49:21,-33.8667,121.9,60.8,72,75,20.71
402,Alice Springs,AU,2021-04-11 20:49:21,-23.7,133.8833,52.0,81,37,5.75
403,Garmsar,IR,2021-04-11 20:49:21,35.2182,52.3409,70.61,33,80,6.33
404,Deputatskiy,RU,2021-04-11 20:49:22,69.3,139.9,-19.25,95,55,2.28
405,Beloha,MG,2021-04-11 20:49:22,-25.1667,45.05,72.61,89,23,11.21
406,Berekum,GH,2021-04-11 20:49:22,7.4534,-2.584,73.04,86,84,5.5
407,Jiangyou,CN,2021-04-11 20:49:23,31.7667,104.7167,52.34,91,99,2.19
408,Hirna,ET,2021-04-11 20:49:23,9.2167,41.1,63.39,67,34,6.26
409,Manjeshwar,IN,2021-04-11 20:49:24,12.7194,74.8861,77.0,83,40,3.6
410,Santo Domingo,DO,2021-04-11 20:49:24,18.5001,-69.9886,82.4,69,20,11.5
411,Tari,NG,2021-04-11 20:49:24,12.4086,4.4914,91.04,4,5,7.0
412,Hollola,FI,2021-04-11 20:49:25,61.05,25.4333,37.0,76,100,1.01
413,Tynda,RU,2021-04-11 20:49:25,55.1667,124.7167,-11.24,98,32,2.77
414,Mehamn,NO,2021-04-11 20:47:42,71.0357,27.8492,35.6,75,40,25.32
415,Tortoli,IT,2021-04-11 20:48:37,39.9256,9.6572,59.0,94,75,20.71
416,Meulaboh,ID,2021-04-11 20:49:25,4.1363,96.1285,77.11,87,97,3.09
417,Atikokan,CA,2021-04-11 20:49:26,48.7555,-91.6216,39.61,95,100,8.37
418,Pryozerne,UA,2021-04-11 20:49:26,45.2698,36.3303,46.81,98,100,6.82
419,Laguna,US,2021-04-11 20:49:26,38.421,-121.4238,79.0,28,1,6.31
420,Parrsboro,CA,2021-04-11 20:49:27,45.4001,-64.332,48.2,46,72,9.22
421,Perbaungan,ID,2021-04-11 20:49:27,3.5679,98.956,77.0,100,40,3.44
422,Sulangan,PH,2021-04-11 20:49:28,11.1373,123.7228,81.77,73,72,13.87
423,Pedernales,DO,2021-04-11 20:49:28,18.0384,-71.744,80.92,64,80,11.45
424,Lixourion,GR,2021-04-11 20:49:28,38.2019,20.4314,54.01,62,57,2.35
425,Chemainus,CA,2021-04-11 20:49:29,48.9163,-123.7194,48.2,49,75,8.05
426,Khandbari,NP,2021-04-11 20:49:29,27.3747,87.2039,64.94,14,80,5.77
427,Fukue,JP,2021-04-11 20:49:29,32.6881,128.8419,62.17,71,100,16.24
428,Tuatapere,NZ,2021-04-11 20:49:30,-46.1333,167.6833,48.99,98,86,4.07
429,Belmonte,BR,2021-04-11 20:49:30,-15.8631,-38.8828,82.4,78,75,6.15
430,Muros,ES,2021-04-11 20:49:30,42.7762,-9.0603,51.01,57,0,5.01
431,Ostrovnoy,RU,2021-04-11 20:49:31,68.0531,39.5131,33.13,80,100,27.81
432,Yuancheng,CN,2021-04-11 20:49:31,36.652,107.7896,45.18,90,62,1.81
433,Falam,MM,2021-04-11 20:49:31,22.9167,93.6833,60.1,41,2,3.8
434,Mikumi,TZ,2021-04-11 20:49:32,-7.4041,36.9831,67.75,97,90,3.04
435,Ferrol,ES,2021-04-11 20:49:33,43.4832,-8.2369,50.0,53,0,10.36
436,Lakes Entrance,AU,2021-04-11 20:49:33,-37.8811,147.981,51.01,84,100,15.55
437,Port Hawkesbury,CA,2021-04-11 20:49:34,45.6169,-61.3485,39.99,100,90,10.36
438,Ixtapa,MX,2021-04-11 20:49:34,20.7,-105.2,82.4,61,1,11.5
439,Ponta Delgada,PT,2021-04-11 20:49:34,37.7333,-25.6667,62.6,94,75,9.22
440,Mao,ES,2021-04-11 20:49:35,39.8885,4.2658,57.2,100,40,4.61
441,Rajapur,IN,2021-04-11 20:49:35,25.3833,81.15,83.43,22,55,6.06
442,Gumla,IN,2021-04-11 20:49:35,23.05,84.55,77.92,33,73,7.52
443,West Bay,KY,2021-04-11 20:49:36,19.3667,-81.4167,86.0,70,40,12.66
444,Kumasi,GH,2021-04-11 20:49:36,6.6885,-1.6244,76.59,84,24,4.41
445,Camacupa,AO,2021-04-11 20:49:36,-12.0167,17.4833,62.55,86,100,2.68
446,Tolbazy,RU,2021-04-11 20:49:37,54.0241,55.8825,42.8,87,75,6.71
447,Guerrero Negro,MX,2021-04-11 20:46:14,27.9769,-114.0611,67.23,57,98,16.71
448,Piacabucu,BR,2021-04-11 20:49:37,-10.4056,-36.4344,77.86,84,96,9.31
449,Sibolga,ID,2021-04-11 20:47:19,1.7427,98.7792,76.08,90,100,3.4
450,Muisne,EC,2021-04-11 20:49:37,0.6,-80.0333,84.2,79,75,12.66
451,Jumla,NP,2021-04-11 20:45:24,29.2747,82.1838,42.66,31,0,5.14
452,Poronaysk,RU,2021-04-11 20:49:38,49.2167,143.1167,36.28,86,100,7.02
453,Korla,CN,2021-04-11 20:49:38,41.7597,86.1469,52.43,44,19,22.08
454,Canberra,AU,2021-04-11 20:49:17,-35.2835,149.1281,35.01,93,0,3.44
455,Bafq,IR,2021-04-11 20:49:39,31.6128,55.4107,70.95,37,95,7.36
456,Buala,SB,2021-04-11 20:49:39,-8.145,159.5921,79.81,78,100,0.81
457,Kurtamysh,RU,2021-04-11 20:47:01,54.9103,64.4319,34.16,87,64,8.79
458,Arroio Grande,BR,2021-04-11 20:49:40,-32.2375,-53.0869,64.27,79,83,16.33
459,Poum,NC,2021-04-11 20:45:50,-20.2333,164.0167,77.11,86,100,11.39
460,Payo,ID,2021-04-11 20:49:40,-3.7508,103.6372,71.69,98,97,1.9
461,Pemangkat,ID,2021-04-11 20:49:41,1.1667,108.9667,77.36,88,99,4.61
462,Gat,IL,2021-04-11 20:49:10,31.61,34.7642,55.0,84,1,5.99
463,Soyo,AO,2021-04-11 20:49:41,-6.1349,12.3689,79.52,82,62,3.49
464,Burevestnik,RU,2021-04-11 20:49:42,56.144,43.7883,35.6,80,0,2.04
465,Toamasina,MG,2021-04-11 20:49:42,-18.1667,49.3833,75.2,100,75,4.61
466,Eyl,SO,2021-04-11 20:49:42,7.9803,49.8164,79.45,69,37,8.81
467,Halifax,CA,2021-04-11 20:46:24,44.6453,-63.5724,51.01,50,30,12.66
468,Aquiles Serdan,MX,2021-04-11 20:45:17,17.7833,-92.2833,96.8,41,1,6.91
469,Great Falls,US,2021-04-11 20:49:43,47.5002,-111.3008,36.0,69,90,9.22
470,Lhokseumawe,ID,2021-04-11 20:49:43,5.1801,97.1507,77.11,85,21,3.53
471,Santiago Del Estero,AR,2021-04-11 20:49:44,-27.7951,-64.2615,73.78,28,19,9.89
472,Tutoia,BR,2021-04-11 20:49:44,-2.7619,-42.2744,78.67,87,100,9.17
473,Santa Cruz,BO,2021-04-11 20:49:44,-17.8,-63.1667,71.6,78,75,23.02
474,Port Lincoln,AU,2021-04-11 20:49:45,-34.7333,135.8667,59.49,63,100,14.76
475,Sao Jose Da Coroa Grande,BR,2021-04-11 20:49:45,-8.8978,-35.1478,78.06,84,100,9.69
476,Ust-Uda,RU,2021-04-11 20:49:45,54.1742,103.0304,18.82,94,100,2.82
477,Kruisfontein,ZA,2021-04-11 20:49:46,-34.0033,24.7314,59.0,88,73,1.59
478,Isla Mujeres,MX,2021-04-11 20:49:46,21.2311,-86.731,86.0,70,75,11.5
479,Cockburn Town,TC,2021-04-11 20:49:46,21.4612,-71.1419,78.8,61,40,13.8
480,Yairipok,IN,2021-04-11 20:49:47,24.6667,94.0667,62.11,53,15,1.25
481,Neiafu,TO,2021-04-11 20:49:47,-18.65,-173.9833,77.0,88,20,4.61
482,Aykhal,RU,2021-04-11 20:49:48,66.0,111.5,-6.07,98,75,5.3
483,Umm Lajj,SA,2021-04-11 20:49:48,25.0213,37.2685,69.96,54,0,13.65
484,Auchel,FR,2021-04-11 20:49:48,50.5034,2.4735,39.0,82,4,2.51
485,Zhanaozen,KZ,2021-04-11 20:49:49,43.3,52.8,59.67,44,1,22.86
486,Bolobo,CD,2021-04-11 20:49:49,-2.1667,16.2333,71.22,88,41,2.84
487,Aksarka,RU,2021-04-11 20:49:50,66.5606,67.7975,32.56,85,100,16.42
488,Norsup,VU,2021-04-11 20:49:50,-16.0667,167.3833,79.74,77,95,2.68
489,Takoradi,GH,2021-04-11 20:49:50,4.8845,-1.7554,81.61,84,100,9.24
490,Cullman,US,2021-04-11 20:49:51,34.1748,-86.8436,73.99,27,1,6.91
491,Nelson Bay,AU,2021-04-11 20:49:51,-32.7167,152.15,50.0,66,1,10.36
492,Bud,US,2021-04-11 20:49:51,39.447,-86.1758,50.0,87,90,13.8
493,Robertsport,LR,2021-04-11 20:49:52,6.7533,-11.3686,80.6,85,36,6.31
494,Salalah,OM,2021-04-11 20:49:52,17.0151,54.0924,82.4,69,20,4.61
495,Bridlington,GB,2021-04-11 20:49:52,54.0831,-0.1919,35.01,78,86,3.0
496,Manzhouli,CN,2021-04-11 20:49:53,49.6,117.4333,25.11,39,92,11.16
497,Ulladulla,AU,2021-04-11 20:49:53,-35.35,150.4667,50.0,50,5,12.66
498,Ahipara,NZ,2021-04-11 20:49:54,-35.1667,173.1667,68.45,78,34,2.42
499,Merrill,US,2021-04-11 20:49:54,45.1805,-89.6835,50.0,100,90,5.75
500,Curaca,BR,2021-04-11 20:49:54,-8.9903,-39.9094,84.09,47,98,13.53
501,Aswan,EG,2021-04-11 20:47:01,24.0934,32.907,66.96,18,0,15.05
502,Soto La Marina,MX,2021-04-11 20:46:08,23.7667,-98.2167,86.0,63,6,8.01
503,Paragould,US,2021-04-11 20:46:00,36.0584,-90.4973,75.0,28,1,10.36
504,Beyneu,KZ,2021-04-11 20:49:55,45.3167,55.2,57.04,43,0,12.15
505,Benevento,IT,2021-04-11 20:49:56,41.2179,14.7464,55.99,59,100,2.08
506,Kolyvan,RU,2021-04-11 20:49:56,55.3053,82.7391,36.0,69,0,4.47
507,Linjiang,CN,2021-04-11 20:49:56,41.8069,126.9078,47.98,68,100,2.21
508,Tual,ID,2021-04-11 20:49:57,-5.6667,132.75,82.8,73,28,9.69
509,Aksu,CN,2021-04-11 20:49:57,41.1231,80.2644,55.85,25,0,5.28
510,Puerto Narino,CO,2021-04-11 20:49:57,-3.7703,-70.3831,87.8,70,75,3.44
511,Sobolevo,RU,2021-04-11 20:49:58,54.4299,31.8996,45.68,72,3,7.05
512,Alihe,CN,2021-04-11 20:49:58,50.5667,123.7167,21.81,93,100,8.84
513,Avera,US,2021-04-11 20:49:59,33.194,-82.5271,78.8,57,40,12.66
514,Yarensk,RU,2021-04-11 20:49:59,62.1675,49.0916,35.49,78,0,10.36
515,Rocha,UY,2021-04-11 20:49:59,-34.4833,-54.3333,62.82,78,100,21.9
516,Port Shepstone,ZA,2021-04-11 20:50:00,-30.7414,30.455,74.98,87,99,8.95
517,Simpang,ID,2021-04-11 20:50:00,-1.2667,104.0833,73.69,96,93,1.25
518,Jalu,LY,2021-04-11 20:50:00,29.0331,21.5482,62.47,20,4,10.54
519,Ancud,CL,2021-04-11 20:50:01,-41.8697,-73.8203,59.0,100,75,14.97
520,Benalla,AU,2021-04-11 20:50:01,-36.55,145.9833,37.99,93,64,4.61
521,Kathmandu,NP,2021-04-11 20:50:01,27.7167,85.3167,60.8,51,75,2.3
522,Koumac,NC,2021-04-11 20:50:03,-20.5667,164.2833,76.6,85,100,5.79
523,San Jose De Guanipa,VE,2021-04-11 20:50:04,8.8872,-64.1651,87.15,48,98,8.16
524,Buciumi,RO,2021-04-11 20:50:04,47.0333,23.0667,50.0,61,0,1.14
525,Evensk,RU,2021-04-11 20:50:05,61.95,159.2333,-0.35,77,16,10.09
526,Xining,CN,2021-04-11 20:50:05,36.6167,101.7667,37.81,68,51,3.11
527,Cap Malheureux,MU,2021-04-11 20:50:05,-19.9842,57.6142,79.0,81,99,3.0
528,Carnot,CF,2021-04-11 20:50:06,4.9409,15.8665,72.3,79,99,3.02
529,Peterhead,GB,2021-04-11 20:48:02,57.5058,-1.7981,34.0,93,75,8.05
530,Katherine,AU,2021-04-11 20:50:06,-14.4667,132.2667,71.6,83,65,4.61
531,Mezen,RU,2021-04-11 20:50:07,65.8522,44.24,34.3,89,100,16.13
532,Panzhihua,CN,2021-04-11 20:50:07,26.5851,101.7128,55.99,66,8,1.97
533,Marsh Harbour,BS,2021-04-11 20:50:07,26.5412,-77.0636,77.81,73,44,17.98
534,Coroico,BO,2021-04-11 20:50:08,-16.1889,-67.7271,55.4,50,75,11.5
535,Ankang,CN,2021-04-11 20:50:08,32.68,109.0172,51.8,91,96,0.94
536,Yeppoon,AU,2021-04-11 20:50:09,-23.1333,150.7333,64.4,48,1,5.75
537,Qasigiannguit,GL,2021-04-11 20:50:09,68.8193,-51.1922,33.8,51,20,17.27
538,Lindas,NO,2021-04-11 20:50:09,60.7381,5.16,39.0,65,100,1.99
539,Itaituba,BR,2021-04-11 20:50:10,-4.2761,-55.9836,84.2,74,75,6.91
540,Monte Aprazivel,BR,2021-04-11 20:50:10,-20.7725,-49.7142,86.0,26,0,3.44
541,Kholmogory,RU,2021-04-11 20:50:10,64.2229,41.656,39.2,48,40,11.18
542,Gejiu,CN,2021-04-11 20:50:11,23.306,103.1635,52.65,95,94,4.7
543,Olinda,BR,2021-04-11 20:50:11,-8.0089,-34.8553,73.4,88,90,3.44
544,Aripuana,BR,2021-04-11 20:46:25,-9.1667,-60.6333,78.64,91,79,2.17
545,Xiongyue,CN,2021-04-11 20:50:12,40.1774,122.1228,48.96,61,100,11.72
546,Acapulco,MX,2021-04-11 20:49:12,16.8634,-99.8901,84.2,65,1,12.66
547,Saint-Augustin,CA,2021-04-11 20:50:12,51.226,-58.6502,43.93,88,97,20.83
548,Krasnoselkup,RU,2021-04-11 20:50:13,65.7,82.4667,31.55,97,100,21.61
549,Russell,US,2021-04-11 20:50:13,32.3502,-85.1999,78.8,31,1,9.22
550,Atambua,ID,2021-04-11 20:50:13,-9.1061,124.8925,71.29,83,70,3.51
551,Thunder Bay,CA,2021-04-11 20:50:14,48.4001,-89.3168,50.0,87,90,9.22
552,Qandala,SO,2021-04-11 20:50:09,11.472,49.8728,81.52,60,29,5.79
553,Sola,VU,2021-04-11 20:50:14,-13.8833,167.55,80.28,71,99,2.42
554,Salekhard,RU,2021-04-11 20:50:15,66.53,66.6019,31.39,83,71,16.2
555,Ghatsila,IN,2021-04-11 20:50:15,22.6,86.4833,81.97,41,21,1.86
556,Egvekinot,RU,2021-04-11 20:50:15,66.3167,-179.1667,-6.39,81,100,20.6
557,Palembang,ID,2021-04-11 20:50:16,-2.9167,104.7458,76.71,84,96,1.99
558,Beringovskiy,RU,2021-04-11 20:50:16,63.05,179.3167,2.84,94,100,24.23
559,Bereda,ES,2021-04-11 20:50:16,43.2686,-7.5406,42.01,82,4,8.01
560,Caucaia,BR,2021-04-11 20:50:17,-3.7361,-38.6531,82.4,78,20,5.75
561,Hollister,US,2021-04-11 20:50:17,36.8525,-121.4016,75.99,37,1,3.44
562,Parrita,CR,2021-04-11 20:50:18,9.5201,-84.3225,82.4,61,75,13.8
563,Tharad,IN,2021-04-11 20:50:18,24.3961,71.6267,80.29,40,0,7.09
564,Viedma,AR,2021-04-11 20:50:18,-40.8135,-62.9967,69.93,31,0,7.96
565,Mayumba,GA,2021-04-11 20:50:19,-3.432,10.6554,80.55,85,58,1.23
566,Grenville,GD,2021-04-11 20:50:19,12.1167,-61.6167,84.2,74,20,16.11
567,Kondinskoye,RU,2021-04-11 20:50:19,59.6481,67.41,42.28,97,100,9.26
568,Yebaishou,CN,2021-04-11 20:50:20,41.3975,119.6408,42.22,88,67,5.86
569,Hualmay,PE,2021-04-11 20:50:20,-11.0964,-77.6139,71.85,78,94,8.97
570,Marsa Matruh,EG,2021-04-11 20:50:20,31.3525,27.2453,57.2,58,0,5.75
571,Ust-Kuyga,RU,2021-04-11 20:50:21,70.0167,135.6,-15.84,97,64,6.6
572,Tuy Hoa,VN,2021-04-11 20:50:21,13.0833,109.3,74.95,90,14,3.18
573,Dong Hoi,VN,2021-04-11 20:50:15,17.4833,106.6,75.0,91,18,6.93
574,Chumikan,RU,2021-04-11 20:50:22,54.7183,135.315,17.55,68,2,16.49
575,Baiyin,CN,2021-04-11 20:50:22,36.5583,104.2081,46.99,93,0,2.24
576,Paamiut,GL,2021-04-11 20:50:22,61.994,-49.6678,34.68,81,7,6.29
577,Pangnirtung,CA,2021-04-11 20:50:23,66.1451,-65.7125,33.8,60,75,4.76
578,Tsogni,GA,2021-04-11 20:50:23,-2.7942,10.0988,79.57,85,82,3.36
579,Kalmunai,LK,2021-04-11 20:50:23,7.4167,81.8167,78.69,81,83,3.87
580,Dalaba,GN,2021-04-11 20:50:24,10.7,-12.25,75.69,43,69,2.93
581,Evanston,US,2021-04-11 20:48:49,42.0411,-87.6901,53.6,66,90,6.91
582,Gawler,AU,2021-04-11 20:50:24,-34.6,138.7333,46.0,84,100,5.93
