City_ID,City,Country,Lat,Lng,Max Temp,Humidity,Cloudiness,Wind Speed,Current Description,Date
0,Yozgat,TR,39.5833,35.3333,90.73,18,0,9.13,clear sky,2021-07-17 12:13:15
1,Porto Novo,BJ,6.4965,2.6036,78.64,80,100,7.58,light rain,2021-07-17 12:13:16
2,General Roca,AR,-39.0333,-67.5833,34.2,50,0,15.88,clear sky,2021-07-17 12:13:16
3,Arrecife,ES,28.963,-13.5477,82.38,54,0,16.11,clear sky,2021-07-17 12:13:16
4,Hirosaki,JP,40.5931,140.4725,78.51,95,39,0.4,scattered clouds,2021-07-17 12:13:17
5,Thompson,CA,55.7435,-97.8558,46.42,62,6,9.35,clear sky,2021-07-17 12:13:17
6,Pangai,TO,-19.8,-174.35,76.75,85,2,20.49,clear sky,2021-07-17 12:13:17
7,Mataura,NZ,-46.1927,168.8643,46.47,99,100,1.34,overcast clouds,2021-07-17 12:13:18
8,Aksu,CN,41.1231,80.2644,85.5,33,34,12.19,light rain,2021-07-17 12:13:18
9,Cockburn Town,TC,21.4612,-71.1419,81.36,77,94,20.67,overcast clouds,2021-07-17 12:13:18
10,Ribeira Grande,PT,38.5167,-28.7,70.2,64,20,8.05,few clouds,2021-07-17 12:13:18
11,Halifax,CA,44.6453,-63.5724,72.52,90,99,1.01,overcast clouds,2021-07-17 12:11:00
12,Wanning,CN,18.8003,110.3967,82.69,78,100,2.8,overcast clouds,2021-07-17 12:13:19
13,Hamilton,US,39.1834,-84.5333,72.88,97,90,1.01,overcast clouds,2021-07-17 12:13:19
14,Port Alfred,ZA,-33.5906,26.891,66.9,40,0,13.31,clear sky,2021-07-17 12:13:19
15,Le Port,RE,-20.9373,55.2919,75.61,79,42,9.71,light rain,2021-07-17 12:13:20
16,Isangel,VU,-19.55,169.2667,76.03,91,6,4.45,clear sky,2021-07-17 12:13:20
17,Atuona,PF,-9.8,-139.0333,77.74,76,45,23.55,scattered clouds,2021-07-17 12:13:20
18,Miri,MY,4.4148,114.0089,80.55,77,80,5.12,broken clouds,2021-07-17 12:13:21
19,Kapaa,US,22.0752,-159.319,75.52,84,90,1.01,light rain,2021-07-17 12:13:21
20,Busselton,AU,-33.65,115.3333,53.04,83,42,3.51,scattered clouds,2021-07-17 12:08:42
21,Banda Aceh,ID,5.5577,95.3222,81.93,79,25,14.34,scattered clouds,2021-07-17 12:13:21
22,Jamestown,US,42.097,-79.2353,70.09,97,90,1.99,heavy intensity rain,2021-07-17 12:13:22
23,Carapegua,PY,-25.8,-57.2333,51.46,78,0,2.68,clear sky,2021-07-17 12:13:22
24,Rikitea,PF,-23.1203,-134.9692,71.96,76,3,8.08,clear sky,2021-07-17 12:13:22
25,Mossoro,BR,-5.1875,-37.3442,84.72,54,36,7.49,scattered clouds,2021-07-17 12:13:22
26,Los Llanos De Aridane,ES,28.6585,-17.9182,71.35,69,20,16.11,few clouds,2021-07-17 12:13:23
27,Punta Arenas,CL,-53.15,-70.9167,32.02,100,40,4.61,scattered clouds,2021-07-17 12:13:23
28,Pevek,RU,69.7008,170.3133,46.49,73,74,8.23,broken clouds,2021-07-17 12:13:23
29,Fort Saint James,CA,54.4333,-124.25,47.08,97,98,2.19,overcast clouds,2021-07-17 12:13:24
30,Ushuaia,AR,-54.8,-68.3,22.62,90,24,4.65,few clouds,2021-07-17 12:13:24
31,Fort Nelson,CA,58.8053,-122.7002,43.21,99,100,2.95,light rain,2021-07-17 12:13:24
32,Tasiilaq,GL,65.6145,-37.6368,51.96,73,13,7.63,few clouds,2021-07-17 12:13:25
33,Hobart,AU,-42.8794,147.3294,48.92,83,20,3.0,few clouds,2021-07-17 12:13:25
34,Bluff,NZ,-46.6,168.3333,46.8,93,100,14.72,light rain,2021-07-17 12:13:25
35,Damaturu,NG,11.747,11.9608,90.25,47,78,11.77,broken clouds,2021-07-17 12:13:26
36,Beringovskiy,RU,63.05,179.3167,49.64,85,41,9.69,scattered clouds,2021-07-17 12:13:26
37,Avarua,CK,-21.2078,-159.775,73.45,83,40,2.3,scattered clouds,2021-07-17 12:13:26
38,Namatanai,PG,-3.6667,152.4333,79.81,88,97,5.55,overcast clouds,2021-07-17 12:13:27
39,Severo-Kurilsk,RU,50.6789,156.125,54.54,96,98,3.04,overcast clouds,2021-07-17 12:13:27
40,Strand,ZA,-34.1069,18.8275,69.15,62,1,4.0,clear sky,2021-07-17 12:13:28
41,Norman Wells,CA,65.282,-126.8329,50.05,59,59,5.84,broken clouds,2021-07-17 12:13:28
42,Vaini,TO,-21.2,-175.2,73.56,94,20,6.91,few clouds,2021-07-17 12:13:28
43,Acarau,BR,-2.8856,-40.12,83.62,65,75,14.54,broken clouds,2021-07-17 12:12:58
44,Bubaque,GW,11.2833,-15.8333,77.95,83,100,3.71,overcast clouds,2021-07-17 12:13:29
45,Jalu,LY,29.0331,21.5482,100.17,20,3,12.95,clear sky,2021-07-17 12:13:29
46,Wahiawa,US,21.5028,-158.0236,75.52,79,75,0.0,broken clouds,2021-07-17 12:13:29
47,Tselinnoye,RU,53.0833,85.6667,66.7,69,88,7.65,overcast clouds,2021-07-17 12:13:29
48,Puerto Ayora,EC,-0.7393,-90.3518,69.55,98,100,5.01,overcast clouds,2021-07-17 12:11:30
49,Okhotsk,RU,59.3833,143.3,57.96,86,100,8.79,overcast clouds,2021-07-17 12:13:30
50,Lebu,CL,-37.6167,-73.65,42.69,82,6,7.34,clear sky,2021-07-17 12:13:30
51,New Norfolk,AU,-42.7826,147.0587,48.58,82,33,1.01,scattered clouds,2021-07-17 12:13:30
52,Saint-Michel-Des-Saints,CA,46.6834,-73.9159,63.93,69,100,2.57,overcast clouds,2021-07-17 12:13:31
53,Souillac,MU,-20.5167,57.5167,71.37,66,27,20.24,scattered clouds,2021-07-17 12:13:31
54,Great Yarmouth,GB,52.6083,1.7305,80.35,67,0,8.01,clear sky,2021-07-17 12:13:31
55,San Quintin,MX,30.4833,-115.95,66.04,91,76,5.73,broken clouds,2021-07-17 12:13:32
56,Council Bluffs,US,41.2619,-95.8608,69.78,90,90,5.75,overcast clouds,2021-07-17 12:13:32
57,Yellowknife,CA,62.456,-114.3525,44.33,100,4,1.99,clear sky,2021-07-17 12:13:32
58,Roald,NO,62.5833,6.1333,71.17,67,75,28.77,light intensity shower rain,2021-07-17 12:13:33
59,Cahir,IE,52.3769,-7.9217,80.01,66,0,3.8,clear sky,2021-07-17 12:13:33
60,Tura,IN,25.5198,90.2201,74.57,96,100,4.56,overcast clouds,2021-07-17 12:13:33
61,Nioro,GM,13.35,-15.75,90.79,53,91,3.74,overcast clouds,2021-07-17 12:13:34
62,Collie,AU,-33.3667,116.15,49.98,95,11,1.95,few clouds,2021-07-17 12:13:34
63,Kaitangata,NZ,-46.2817,169.8464,47.57,97,100,7.27,overcast clouds,2021-07-17 12:13:34
64,Lexington,US,37.9887,-84.4777,74.12,85,75,1.99,broken clouds,2021-07-17 12:09:24
65,Tuktoyaktuk,CA,69.4541,-133.0374,50.9,66,78,9.51,broken clouds,2021-07-17 12:13:35
66,Kailua,US,21.4022,-157.7394,78.78,75,75,5.75,broken clouds,2021-07-17 12:13:35
67,Salas,ES,43.4118,-6.2602,71.17,42,0,7.25,clear sky,2021-07-17 12:13:36
68,Cherskiy,RU,68.75,161.3,59.05,61,51,9.89,broken clouds,2021-07-17 12:13:36
69,Poum,NC,-20.2333,164.0167,74.08,82,3,7.72,clear sky,2021-07-17 12:13:36
70,Port Blair,IN,11.6667,92.75,81.81,81,100,11.86,overcast clouds,2021-07-17 12:13:37
71,Cidreira,BR,-30.1811,-50.2056,56.37,81,71,6.85,broken clouds,2021-07-17 12:13:37
72,Abu Samrah,SY,35.3029,37.1841,102.6,17,0,7.36,clear sky,2021-07-17 12:13:37
73,Qaanaaq,GL,77.484,-69.3632,35.4,93,100,1.19,overcast clouds,2021-07-17 12:13:37
74,Kodiak,US,57.79,-152.4072,63.91,59,1,3.44,clear sky,2021-07-17 12:13:38
75,Oistins,BB,13.0667,-59.5333,78.89,89,75,11.5,broken clouds,2021-07-17 12:13:38
76,Bethel,US,41.3712,-73.414,79.11,89,75,4.61,broken clouds,2021-07-17 12:13:38
77,Caceres,ES,39.522,-6.3748,97.81,16,0,8.75,clear sky,2021-07-17 12:13:39
78,Collierville,US,35.042,-89.6645,75.09,95,90,1.01,mist,2021-07-17 12:08:50
79,Bengkulu,ID,-3.8004,102.2655,79.75,80,56,5.44,broken clouds,2021-07-17 12:13:39
80,La Palma,US,33.8464,-118.0467,71.35,87,90,1.01,overcast clouds,2021-07-17 12:13:39
81,Fangshan,CN,39.6983,115.9925,80.46,94,99,2.28,light rain,2021-07-17 12:13:40
82,Gummidipundi,IN,13.4,80.15,87.8,60,100,0.89,overcast clouds,2021-07-17 12:13:40
83,Bartica,GY,6.4,-58.6167,82.72,95,60,0.92,broken clouds,2021-07-17 12:13:40
84,Jambi,ID,-1.6,103.6167,79.65,81,77,2.19,light rain,2021-07-17 12:13:40
85,Alice Springs,AU,-23.7,133.8833,47.75,53,14,3.44,few clouds,2021-07-17 12:13:41
86,Gumdag,TM,39.2061,54.5906,99.14,15,99,3.87,overcast clouds,2021-07-17 12:13:41
87,Ponta Do Sol,PT,32.6667,-17.1,81.72,76,2,3.31,clear sky,2021-07-17 12:13:41
88,San Benito,US,36.6166,-121.0844,53.13,45,0,1.48,clear sky,2021-07-17 12:13:42
89,Dikson,RU,73.5069,80.5464,34.97,87,91,13.62,overcast clouds,2021-07-17 12:13:42
90,Port Lincoln,AU,-34.7333,135.8667,52.45,67,99,11.05,overcast clouds,2021-07-17 12:13:42
91,Lompoc,US,34.6391,-120.4579,63.09,88,90,0.0,mist,2021-07-17 12:13:43
92,Castro,BR,-24.7911,-50.0119,55.06,96,87,3.38,overcast clouds,2021-07-17 12:13:43
93,Cape Town,ZA,-33.9258,18.4232,69.12,58,1,6.04,clear sky,2021-07-17 12:13:43
94,Bijie,CN,27.3125,105.2942,65.21,89,100,2.73,overcast clouds,2021-07-17 12:13:44
95,Hasaki,JP,35.7333,140.8333,75.6,84,26,9.26,scattered clouds,2021-07-17 12:13:44
96,Kibondo,TZ,-3.5864,30.7203,79.72,25,72,5.82,broken clouds,2021-07-17 12:13:44
97,Vila Franca Do Campo,PT,37.7167,-25.4333,68.41,60,33,5.88,scattered clouds,2021-07-17 12:13:44
98,Marienburg,PL,54.0359,19.0266,83.84,69,36,11.27,scattered clouds,2021-07-17 12:13:45
99,Lata,PT,40.1629,-8.3327,80.92,19,0,7.11,clear sky,2021-07-17 12:13:45
100,Dunedin,NZ,-45.8742,170.5036,51.8,86,100,14.0,overcast clouds,2021-07-17 12:13:00
101,Hithadhoo,MV,-0.6,73.0833,83.07,72,86,7.27,overcast clouds,2021-07-17 12:13:46
102,Portsmouth,GB,50.799,-1.0913,81.34,63,0,5.01,clear sky,2021-07-17 12:13:46
103,Salvador,SV,13.8333,-88.9167,70.2,96,35,2.62,scattered clouds,2021-07-17 12:13:46
104,Kathu,TH,7.9178,98.3332,84.02,73,41,7.11,scattered clouds,2021-07-17 12:13:47
105,Bredasdorp,ZA,-34.5322,20.0403,65.28,61,5,4.5,clear sky,2021-07-17 12:13:47
106,Mahina,PF,-17.5065,-149.489,74.75,68,20,4.61,few clouds,2021-07-17 12:13:47
107,Yukhnov,RU,54.7444,35.2297,81.36,56,47,7.63,moderate rain,2021-07-17 12:13:48
108,Rawson,AR,-43.3002,-65.1023,42.96,79,93,29.33,light rain,2021-07-17 12:13:48
109,Kahului,US,20.8947,-156.47,76.84,81,75,16.11,broken clouds,2021-07-17 12:13:49
110,Butaritari,KI,3.0707,172.7902,84.11,75,98,15.28,overcast clouds,2021-07-17 12:13:49
111,Suffolk,US,40.8668,-72.7996,81.27,93,1,1.01,mist,2021-07-17 12:13:49
112,Timmins,CA,48.4669,-81.3331,62.98,64,13,5.84,few clouds,2021-07-17 12:13:50
113,Verkhnyaya Toyma,RU,62.2349,44.9985,78.85,33,14,8.1,few clouds,2021-07-17 12:13:50
114,Mitu,CO,1.1983,-70.1733,71.55,99,78,1.14,broken clouds,2021-07-17 12:13:50
115,Palmer,US,42.1584,-72.3287,74.03,81,75,5.75,light rain,2021-07-17 12:13:51
116,East London,ZA,-33.0153,27.9116,67.17,38,0,12.41,clear sky,2021-07-17 12:09:24
117,Westport,US,41.1415,-73.3579,82.09,88,1,1.01,clear sky,2021-07-17 12:10:06
118,Koulikoro,ML,14.0,-7.75,92.28,42,100,7.11,overcast clouds,2021-07-17 12:13:51
119,Kavaratti,IN,10.5669,72.642,82.69,79,88,16.67,overcast clouds,2021-07-17 12:13:52
120,Salaverry,PE,-8.2333,-78.9667,62.98,87,80,6.49,broken clouds,2021-07-17 12:13:52
121,Camargo,MX,27.6667,-105.1667,73.99,60,21,1.01,few clouds,2021-07-17 12:13:52
122,Fare,PF,-16.7,-151.0167,78.49,75,28,24.05,light rain,2021-07-17 12:13:53
123,Faanui,PF,-16.4833,-151.75,78.49,77,23,25.7,light rain,2021-07-17 12:13:53
124,Petauke,ZM,-14.2426,31.3253,75.43,25,52,6.6,broken clouds,2021-07-17 12:13:54
125,Petropavlovka,RU,50.6114,105.3196,73.96,78,25,3.4,scattered clouds,2021-07-17 12:13:54
126,Touros,BR,-5.1989,-35.4608,79.7,68,10,10.25,clear sky,2021-07-17 12:13:54
127,Hilo,US,19.7297,-155.09,73.62,79,90,5.75,overcast clouds,2021-07-17 12:13:54
128,Rio Grande,BR,-32.035,-52.0986,51.94,88,1,8.46,clear sky,2021-07-17 12:13:55
129,Tuy Hoa,VN,13.0833,109.3,80.29,84,76,4.03,broken clouds,2021-07-17 12:10:54
130,Ilulissat,GL,69.2167,-51.1,59.02,41,20,9.22,few clouds,2021-07-17 12:13:55
131,Port Hedland,AU,-20.3167,118.5667,62.65,67,33,4.61,scattered clouds,2021-07-17 12:13:56
132,Mahebourg,MU,-20.4081,57.7,71.26,64,26,21.45,scattered clouds,2021-07-17 12:13:56
133,Yenagoa,NG,4.9247,6.2642,85.82,59,90,7.2,overcast clouds,2021-07-17 12:13:56
134,Khatanga,RU,71.9667,102.5,60.69,42,99,8.43,overcast clouds,2021-07-17 12:13:57
135,Nikolskoye,RU,59.7035,30.7861,79.02,29,0,3.89,clear sky,2021-07-17 12:13:57
136,Praia,CV,14.9215,-23.5087,82.94,57,0,12.66,clear sky,2021-07-17 12:13:57
137,Vao,NC,-22.6667,167.4833,72.48,82,12,4.0,few clouds,2021-07-17 12:13:57
138,San Patricio,US,28.017,-97.5169,82.85,90,43,6.08,scattered clouds,2021-07-17 12:13:58
139,Kjollefjord,NO,70.9457,27.3465,51.28,81,99,22.82,overcast clouds,2021-07-17 12:13:58
140,Taoudenni,ML,22.6783,-3.9836,115.39,9,15,9.15,few clouds,2021-07-17 12:13:58
141,Meulaboh,ID,4.1363,96.1285,80.58,76,12,4.81,few clouds,2021-07-17 12:13:59
142,Sao Filipe,CV,14.8961,-24.4956,74.26,81,73,1.57,broken clouds,2021-07-17 12:13:59
143,Manono,CD,-7.3,27.4167,91.33,18,93,7.52,overcast clouds,2021-07-17 12:13:59
144,Albany,US,42.6001,-73.9662,71.62,80,100,3.13,overcast clouds,2021-07-17 12:12:38
145,Dorado,PR,18.4588,-66.2677,84.52,85,40,10.36,scattered clouds,2021-07-17 12:14:00
146,Sidney,AU,-33.8679,151.2073,52.75,64,0,1.01,clear sky,2021-07-17 12:10:34
147,Ucluelet,CA,48.9329,-125.5528,59.09,93,100,4.12,overcast clouds,2021-07-17 12:11:13
148,Hermanus,ZA,-34.4187,19.2345,68.9,69,1,3.53,clear sky,2021-07-17 12:14:00
149,Trairi,BR,-3.2778,-39.2689,84.02,61,53,11.12,broken clouds,2021-07-17 12:10:24
150,Juruti,BR,-2.1522,-56.0922,80.19,70,5,4.18,clear sky,2021-07-17 12:14:01
151,Kribi,CM,2.95,9.9167,80.64,69,68,8.1,broken clouds,2021-07-17 12:14:01
152,Luderitz,NA,-26.6481,15.1594,74.01,35,0,13.15,clear sky,2021-07-17 12:14:01
153,Goldsboro,US,35.3849,-77.9928,79.9,69,40,6.91,scattered clouds,2021-07-17 12:11:10
154,Ossora,RU,59.2353,163.0719,51.01,93,70,8.97,broken clouds,2021-07-17 12:14:02
155,Flin Flon,CA,54.7682,-101.865,51.1,61,1,9.78,clear sky,2021-07-17 12:14:02
156,Sorong,ID,-0.8833,131.25,79.29,86,100,7.49,overcast clouds,2021-07-17 12:14:03
157,Sorland,NO,67.667,12.6934,55.26,85,99,23.6,overcast clouds,2021-07-17 12:14:03
158,Jaguarao,BR,-32.5661,-53.3758,48.33,87,0,8.57,clear sky,2021-07-17 12:12:45
159,Boca Do Acre,BR,-8.7522,-67.3978,74.41,66,0,0.56,clear sky,2021-07-17 12:14:05
160,Maceio,BR,-9.6658,-35.7353,74.64,88,90,5.75,overcast clouds,2021-07-17 12:14:05
161,Akureyri,IS,65.6835,-18.0878,56.44,62,92,1.5,overcast clouds,2021-07-17 12:14:06
162,Sechura,PE,-5.5569,-80.8222,63.97,86,19,9.06,few clouds,2021-07-17 12:14:06
163,Provideniya,RU,64.3833,-173.3,45.1,98,100,7.52,overcast clouds,2021-07-17 12:14:06
164,Sambava,MG,-14.2667,50.1667,75.83,70,6,15.19,clear sky,2021-07-17 12:14:06
165,Saryg-Sep,RU,51.5,95.6,73.53,45,100,6.8,overcast clouds,2021-07-17 12:14:07
166,Sao Joao Da Barra,BR,-21.6403,-41.0511,75.29,81,95,2.98,overcast clouds,2021-07-17 12:14:08
167,Phalaborwa,ZA,-23.943,31.1411,73.27,28,0,2.33,clear sky,2021-07-17 12:14:08
168,Victoria,HK,22.2855,114.1577,86.32,79,100,1.01,overcast clouds,2021-07-17 12:11:38
169,Codrington,AU,-38.2667,141.9667,50.85,74,96,20.09,overcast clouds,2021-07-17 12:14:08
170,Baruun-Urt,MN,46.6806,113.2792,64.71,90,77,9.86,moderate rain,2021-07-17 12:14:09
171,Sergeyevka,KZ,53.88,67.4158,64.24,86,98,7.31,light rain,2021-07-17 12:14:09
172,Airai,TL,-8.9266,125.4092,58.01,82,78,1.83,broken clouds,2021-07-17 12:14:09
173,Kieta,PG,-6.2167,155.6333,80.71,86,100,8.88,light rain,2021-07-17 12:14:10
174,Haines Junction,CA,60.7522,-137.5108,45.34,56,2,1.72,clear sky,2021-07-17 12:14:10
175,Buncrana,IE,55.1333,-7.45,78.57,74,13,8.16,few clouds,2021-07-17 12:14:10
176,Chapada Dos Guimaraes,BR,-15.4606,-55.7497,64.06,29,0,1.7,clear sky,2021-07-17 12:14:11
177,Ostrovnoy,RU,68.0531,39.5131,65.7,58,65,11.27,broken clouds,2021-07-17 12:14:11
178,Marawi,PH,7.9986,124.2928,71.65,90,100,5.37,overcast clouds,2021-07-17 12:14:11
179,Vysha,RU,53.8477,42.3777,86.29,41,31,4.94,scattered clouds,2021-07-17 12:14:12
180,Plettenberg Bay,ZA,-34.0527,23.3716,64.67,39,3,6.33,clear sky,2021-07-17 12:14:12
181,Sikeston,US,36.8767,-89.5879,73.44,100,1,0.0,clear sky,2021-07-17 12:14:12
182,Carballo,ES,43.213,-8.691,90.82,55,0,4.88,clear sky,2021-07-17 12:14:13
183,Barrow,US,71.2906,-156.7887,44.62,87,90,10.36,overcast clouds,2021-07-17 12:14:13
184,Georgetown,MY,5.4112,100.3354,86.9,70,20,5.75,few clouds,2021-07-17 12:13:21
185,Los Andes,CL,-32.8337,-70.5983,39.9,25,0,7.14,clear sky,2021-07-17 12:14:13
186,El Paso,US,31.8001,-106.2005,78.08,58,20,0.0,few clouds,2021-07-17 12:09:28
187,Yamada,JP,39.4667,141.95,74.19,93,100,4.47,overcast clouds,2021-07-17 12:14:14
188,San Luis,AR,-33.295,-66.3356,38.37,41,0,5.82,clear sky,2021-07-17 12:14:14
189,Buraydah,SA,26.326,43.975,110.39,9,99,18.21,overcast clouds,2021-07-17 12:14:14
190,Tuatapere,NZ,-46.1333,167.6833,46.81,97,100,2.84,overcast clouds,2021-07-17 12:14:14
191,Puerto Madryn,AR,-42.7692,-65.0385,42.1,68,56,26.53,broken clouds,2021-07-17 12:14:15
192,Huanta,PE,-12.9333,-74.25,53.82,72,72,0.58,broken clouds,2021-07-17 12:14:15
193,College,US,64.8569,-147.8028,58.95,82,75,3.44,smoke,2021-07-17 12:14:15
194,Jacareacanga,BR,-6.2222,-57.7528,80.29,62,15,1.23,few clouds,2021-07-17 12:14:16
195,Nome,US,64.5011,-165.4064,50.07,87,90,14.97,light rain,2021-07-17 12:14:16
196,Itaituba,BR,-4.2761,-55.9836,80.44,67,5,3.04,clear sky,2021-07-17 12:14:16
197,Carnarvon,AU,-24.8667,113.6333,59.07,48,100,6.91,overcast clouds,2021-07-17 12:14:17
198,Lysyanka,UA,49.2523,30.8295,87.66,47,32,7.87,scattered clouds,2021-07-17 12:14:17
199,Baguanos,CU,20.7517,-76.0269,77.29,84,94,10.25,overcast clouds,2021-07-17 12:14:17
200,Torbay,CA,47.6666,-52.7314,75.88,75,96,9.26,overcast clouds,2021-07-17 12:14:18
201,Port Hardy,CA,50.6996,-127.4199,52.95,93,60,5.06,broken clouds,2021-07-17 12:14:18
202,Fortuna,US,40.5982,-124.1573,56.48,94,90,5.75,overcast clouds,2021-07-17 12:14:18
203,Cabo San Lucas,MX,22.8909,-109.9124,83.52,68,33,0.96,scattered clouds,2021-07-17 12:14:18
204,Bani,DO,18.2833,-70.3333,78.85,75,77,11.07,broken clouds,2021-07-17 12:14:19
205,Longyearbyen,SJ,78.2186,15.6401,51.64,66,75,3.44,broken clouds,2021-07-17 12:14:19
206,Salinas,US,36.6777,-121.6555,56.82,85,90,0.0,mist,2021-07-17 12:12:55
207,Fenton,US,42.7978,-83.7049,66.31,91,75,9.22,broken clouds,2021-07-17 12:14:20
208,Munkebo,DK,55.4618,10.5558,72.66,60,0,15.75,clear sky,2021-07-17 12:14:20
209,Upernavik,GL,72.7868,-56.1549,38.61,86,98,12.19,overcast clouds,2021-07-17 12:10:17
210,Esperance,AU,-33.8667,121.9,56.34,73,100,1.52,overcast clouds,2021-07-17 12:14:20
211,Labuhan,ID,-6.8844,112.2051,79.9,74,78,8.32,broken clouds,2021-07-17 12:14:21
212,Ngunguru,NZ,-35.6167,174.5,60.17,81,12,16.53,few clouds,2021-07-17 12:14:21
213,Saint-Philippe,RE,-21.3585,55.7679,75.22,86,83,16.75,light rain,2021-07-17 12:14:21
214,Ancud,CL,-41.8697,-73.8203,33.33,84,9,2.39,clear sky,2021-07-17 12:14:21
215,Padang,ID,-0.9492,100.3543,82.45,83,9,2.68,clear sky,2021-07-17 12:14:22
216,Vilhena,BR,-12.7406,-60.1458,73.51,42,0,1.23,clear sky,2021-07-17 12:11:15
217,Nieuw Amsterdam,SR,5.8833,-55.0833,78.82,90,0,2.3,clear sky,2021-07-17 12:14:22
218,Ewa Beach,US,21.3156,-158.0072,78.75,67,75,11.99,broken clouds,2021-07-17 12:14:22
219,Sitka,US,57.0531,-135.33,57.09,88,75,0.0,broken clouds,2021-07-17 12:14:23
220,Prince Rupert,CA,54.3161,-130.3201,53.69,94,90,4.61,light rain,2021-07-17 12:10:26
221,Arraial Do Cabo,BR,-22.9661,-42.0278,73.26,83,40,3.44,scattered clouds,2021-07-17 12:14:23
222,Micheweni,TZ,-4.9667,39.8333,78.51,69,36,19.24,light rain,2021-07-17 12:14:23
223,Dhidhdhoo,MV,6.8833,73.1,82.27,79,42,12.21,scattered clouds,2021-07-17 12:14:24
224,Tevriz,RU,57.509,72.4042,63.66,76,74,5.7,light rain,2021-07-17 12:14:24
225,Lamar,US,33.6668,-95.5836,77.65,94,1,5.75,clear sky,2021-07-17 12:14:24
226,Passo De Camaragibe,BR,-9.2368,-35.4901,74.75,87,48,4.32,scattered clouds,2021-07-17 12:14:25
227,Clyde River,CA,70.4692,-68.5914,39.79,78,100,7.14,overcast clouds,2021-07-17 12:14:25
228,Dingle,PH,10.9995,122.6711,78.35,88,99,9.04,light rain,2021-07-17 12:14:25
229,Puri,IN,19.8,85.85,91.38,74,100,14.34,overcast clouds,2021-07-17 12:14:26
230,Ishigaki,JP,24.3448,124.1572,83.71,79,99,13.51,overcast clouds,2021-07-17 12:14:26
231,Kavieng,PG,-2.5744,150.7967,83.12,75,86,7.54,overcast clouds,2021-07-17 12:14:26
232,Tonneins,FR,44.3921,0.3124,81.81,64,0,6.91,clear sky,2021-07-17 12:14:26
233,Omboue,GA,-1.5746,9.2618,79.97,62,31,10.0,scattered clouds,2021-07-17 12:14:27
234,Chokurdakh,RU,70.6333,147.9167,42.71,90,100,12.77,overcast clouds,2021-07-17 12:14:27
235,Port Elizabeth,ZA,-33.918,25.5701,70.11,39,0,8.55,clear sky,2021-07-17 12:14:27
236,Biograd Na Moru,HR,43.9433,15.4519,79.5,51,86,9.51,overcast clouds,2021-07-17 12:14:28
237,Gardenstown,GB,57.671,-2.336,78.89,70,88,19.75,overcast clouds,2021-07-17 12:14:28
238,Helsinki,FI,60.1695,24.9355,83.77,31,0,5.99,clear sky,2021-07-17 12:14:28
239,Rocha,UY,-34.4833,-54.3333,47.52,81,63,10.54,broken clouds,2021-07-17 12:14:29
240,Bambous Virieux,MU,-20.3428,57.7575,71.22,63,24,21.25,few clouds,2021-07-17 12:14:29
241,Vung Tau,VN,10.346,107.0843,83.44,78,70,14.29,broken clouds,2021-07-17 12:14:29
242,Jimma,ET,7.6667,36.8333,63.34,97,100,1.34,moderate rain,2021-07-17 12:14:30
243,Port-Gentil,GA,-0.7193,8.7815,74.25,76,61,7.36,broken clouds,2021-07-17 12:14:14
244,Chuy,UY,-33.6971,-53.4616,47.7,87,35,9.13,scattered clouds,2021-07-17 12:14:30
245,Zhanakorgan,KZ,43.9098,67.2495,99.28,10,4,12.59,clear sky,2021-07-17 12:14:30
246,Mouila,GA,-1.8685,11.0559,90.73,46,75,0.72,broken clouds,2021-07-17 12:14:31
247,Broome,US,42.2506,-75.833,72.01,88,90,1.01,mist,2021-07-17 12:14:31
248,Bilma,NE,18.6853,12.9164,107.53,9,17,8.61,few clouds,2021-07-17 12:14:31
249,Roma,US,43.2128,-75.4557,68.95,93,90,1.01,overcast clouds,2021-07-17 12:14:31
250,Visby,SE,57.6409,18.296,80.85,53,0,5.75,clear sky,2021-07-17 12:14:32
251,Berlevag,NO,70.8578,29.0864,50.81,82,96,19.69,overcast clouds,2021-07-17 12:14:32
252,Talnakh,RU,69.4865,88.3972,56.5,77,98,3.53,overcast clouds,2021-07-17 12:14:32
253,Alghero,IT,40.5589,8.3181,82.49,57,40,11.5,scattered clouds,2021-07-17 12:14:33
254,Scottsbluff,US,41.8666,-103.6672,63.79,79,1,6.91,clear sky,2021-07-17 12:14:33
255,Novyy Urengoy,RU,66.0833,76.6333,56.16,59,100,3.22,overcast clouds,2021-07-17 12:14:33
256,Griffith,US,41.5284,-87.4237,69.73,94,90,1.01,overcast clouds,2021-07-17 12:14:34
257,Khorinsk,RU,52.1657,109.7726,71.58,72,97,5.91,overcast clouds,2021-07-17 12:14:34
258,Naze,JP,28.3667,129.4833,77.95,85,100,11.79,overcast clouds,2021-07-17 12:14:35
259,Bjornevatn,NO,69.6672,29.9847,61.14,67,40,12.66,scattered clouds,2021-07-17 12:14:35
260,Valparaiso,CL,-33.0393,-71.6273,47.48,72,0,5.75,clear sky,2021-07-17 12:14:35
261,Nevesinje,BA,43.2586,18.1133,68.81,40,99,10.76,overcast clouds,2021-07-17 12:14:36
262,Williams Lake,CA,52.1415,-122.1445,51.37,94,75,3.44,mist,2021-07-17 12:14:36
263,Butler,US,39.4501,-84.5666,72.52,89,90,4.61,mist,2021-07-17 12:14:36
264,Comodoro Rivadavia,AR,-45.8667,-67.5,39.38,73,34,18.19,scattered clouds,2021-07-17 12:11:11
265,Vallecillo,HN,14.5167,-87.4,65.79,97,48,2.04,scattered clouds,2021-07-17 12:14:37
266,Mandan,US,46.8267,-100.8896,69.78,88,1,7.0,clear sky,2021-07-17 12:14:38
267,Kiama,AU,-34.6833,150.8667,54.37,64,40,21.0,scattered clouds,2021-07-17 12:14:38
268,Kodinar,IN,20.7903,70.7031,86.09,75,52,16.64,broken clouds,2021-07-17 12:14:38
269,Ati,TD,13.2154,18.3353,83.43,59,99,18.01,overcast clouds,2021-07-17 12:14:39
270,Lorengau,PG,-2.0226,147.2712,81.84,81,73,4.45,broken clouds,2021-07-17 12:14:39
271,Kamariotissa,GR,40.4833,25.4667,93.22,65,0,3.51,clear sky,2021-07-17 12:14:39
272,Abhayapuri,IN,26.3333,90.6667,82.54,85,94,6.4,overcast clouds,2021-07-17 12:14:39
273,Boa Vista,BR,2.8197,-60.6733,78.78,83,40,4.61,scattered clouds,2021-07-17 12:14:40
274,Erenhot,CN,43.6475,111.9767,84.15,33,6,16.2,clear sky,2021-07-17 12:14:40
275,Yanji,CN,42.9075,129.5078,74.1,91,9,3.69,clear sky,2021-07-17 12:14:41
276,Port Shepstone,ZA,-30.7414,30.455,66.2,29,0,3.36,clear sky,2021-07-17 12:14:41
277,Buckeye,US,33.3703,-112.5838,85.12,64,100,6.91,overcast clouds,2021-07-17 12:14:41
278,Washington,US,47.5001,-120.5015,61.2,60,10,4.79,clear sky,2021-07-17 12:14:42
279,Solnechnyy,RU,50.7214,136.6319,73.04,56,8,9.48,clear sky,2021-07-17 12:14:42
280,Bom Jardim,BR,-7.7958,-35.5872,78.35,67,15,8.97,few clouds,2021-07-17 12:14:42
281,Creel,MX,27.75,-107.6333,54.14,86,14,3.62,few clouds,2021-07-17 12:14:43
282,Springbok,ZA,-29.6643,17.8865,66.9,16,0,10.25,clear sky,2021-07-17 12:14:43
283,Mancora,PE,-4.1078,-81.0475,70.3,75,99,1.74,overcast clouds,2021-07-17 12:14:43
284,Zhanaozen,KZ,43.3,52.8,96.75,14,0,8.68,clear sky,2021-07-17 12:14:44
285,Virginia Beach,US,36.8529,-75.978,83.01,83,20,8.05,few clouds,2021-07-17 12:12:30
286,Butembo,CD,0.15,29.2833,70.97,64,100,2.06,light rain,2021-07-17 12:14:44
287,Pacific Grove,US,36.6177,-121.9166,56.28,92,90,1.01,mist,2021-07-17 12:14:44
288,Tashtyp,RU,52.7939,89.8983,63.59,66,57,8.34,broken clouds,2021-07-17 12:14:45
289,Havoysund,NO,70.9963,24.6622,50.88,88,99,24.76,overcast clouds,2021-07-17 12:14:45
290,Concarneau,FR,47.875,-3.9225,79.05,51,0,10.31,clear sky,2021-07-17 12:14:45
291,Aswan,EG,24.0934,32.907,107.58,10,20,9.04,few clouds,2021-07-17 12:14:46
292,Besikduzu,TR,41.052,39.2284,82.29,73,10,5.23,clear sky,2021-07-17 12:14:46
293,Kyra,RU,49.5776,111.9753,60.93,97,100,4.65,light rain,2021-07-17 12:12:13
294,Hornepayne,CA,49.2138,-84.7705,64.4,56,0,8.84,clear sky,2021-07-17 12:14:46
295,Kondinskoye,RU,59.6481,67.41,69.04,44,77,6.15,broken clouds,2021-07-17 12:14:47
296,Maputo,MZ,-25.9653,32.5892,71.1,41,0,6.4,clear sky,2021-07-17 12:14:06
297,Avera,US,33.194,-82.5271,76.87,81,100,5.97,overcast clouds,2021-07-17 12:14:47
298,Rio Verde De Mato Grosso,BR,-18.9181,-54.8442,72.27,60,42,5.68,scattered clouds,2021-07-17 12:14:47
299,Vestmannaeyjar,IS,63.4427,-20.2734,52.79,87,20,17.27,few clouds,2021-07-17 12:14:48
300,Kruisfontein,ZA,-34.0033,24.7314,67.89,26,0,10.47,clear sky,2021-07-17 12:14:48
301,Taperoa,BR,-7.2075,-36.8267,74.62,67,99,11.32,overcast clouds,2021-07-17 12:14:48
302,Chapais,CA,49.7834,-74.8492,62.38,63,5,3.13,clear sky,2021-07-17 12:14:48
303,Fairbanks,US,64.8378,-147.7164,61.25,82,1,4.61,smoke,2021-07-17 12:14:49
304,Olafsvik,IS,64.8945,-23.7142,51.73,87,26,8.3,scattered clouds,2021-07-17 12:14:49
305,Taksimo,RU,56.3444,114.8794,75.54,57,94,3.2,overcast clouds,2021-07-17 12:14:49
306,Warrnambool,AU,-38.3833,142.4833,51.82,78,92,22.17,overcast clouds,2021-07-17 12:14:50
307,Lewistown,US,40.5992,-77.5714,74.1,100,90,0.0,mist,2021-07-17 12:14:50
308,Sampit,ID,-2.5333,112.95,74.79,95,85,2.51,overcast clouds,2021-07-17 12:14:50
309,Pokrovsk,UA,48.282,37.1758,86.92,46,9,8.61,clear sky,2021-07-17 12:14:51
310,Anloga,GH,5.7947,0.8973,77.29,84,100,8.93,overcast clouds,2021-07-17 12:14:51
311,Nanortalik,GL,60.1432,-45.2371,47.89,79,100,7.49,overcast clouds,2021-07-17 12:14:51
312,Saldanha,ZA,-33.0117,17.9442,60.85,71,0,10.04,clear sky,2021-07-17 12:14:51
313,Dubbo,AU,-32.25,148.6167,48.33,66,90,10.36,overcast clouds,2021-07-17 12:14:52
314,San Cristobal,VE,7.7669,-72.225,68.18,83,63,4.41,broken clouds,2021-07-17 12:14:52
315,Teruel,ES,40.6667,-0.6667,81.88,22,0,10.22,clear sky,2021-07-17 12:14:52
316,Sumenep,ID,-7.0167,113.8667,79.5,77,98,10.6,overcast clouds,2021-07-17 12:14:53
317,Qasigiannguit,GL,68.8193,-51.1922,59.25,59,14,3.69,few clouds,2021-07-17 12:14:53
318,Constitucion,CL,-35.3333,-72.4167,44.73,61,0,13.58,clear sky,2021-07-17 12:14:53
319,Taltal,CL,-25.4,-70.4833,58.96,62,97,1.5,overcast clouds,2021-07-17 12:10:20
320,Constantine,DZ,36.365,6.6147,85.93,22,0,10.47,clear sky,2021-07-17 12:14:54
321,Richards Bay,ZA,-28.783,32.0377,71.83,40,0,5.3,clear sky,2021-07-17 12:14:54
322,Tayu,ID,-6.5397,111.0518,79.11,74,100,4.97,overcast clouds,2021-07-17 12:14:55
323,The Valley,AI,18.217,-63.0578,84.09,74,20,16.11,few clouds,2021-07-17 12:10:53
324,Ocu,JP,35.0044,135.8683,77.79,85,38,4.99,scattered clouds,2021-07-17 12:14:55
325,Tiarei,PF,-17.5333,-149.3333,75.0,73,13,25.66,few clouds,2021-07-17 12:14:55
326,Klaksvik,FO,62.2266,-6.589,52.72,83,33,23.4,scattered clouds,2021-07-17 12:14:56
327,Teguldet,RU,57.3064,88.1667,61.5,90,55,6.67,light rain,2021-07-17 12:14:56
328,Nsanje,MW,-16.92,35.262,78.85,38,15,7.27,few clouds,2021-07-17 12:14:56
329,Nabire,ID,-3.3667,135.4833,77.31,92,99,3.04,light rain,2021-07-17 12:14:57
330,Jutai,BR,-5.1833,-68.9,72.91,98,69,2.24,broken clouds,2021-07-17 12:14:57
331,Itacarambi,BR,-15.1022,-44.0919,77.05,41,3,4.74,clear sky,2021-07-17 12:14:57
332,Axim,GH,4.8699,-2.2405,80.71,71,96,11.81,overcast clouds,2021-07-17 12:14:58
333,Phangnga,TH,8.4509,98.5298,84.24,84,47,3.91,scattered clouds,2021-07-17 12:14:58
334,Nouakchott,MR,18.0858,-15.9785,80.53,76,15,13.04,few clouds,2021-07-17 12:14:58
335,Luena,AO,-11.7833,19.9167,79.5,22,59,8.23,broken clouds,2021-07-17 12:14:58
336,Dodge City,US,37.7528,-100.0171,74.71,84,40,3.0,scattered clouds,2021-07-17 12:11:14
337,Carutapera,BR,-1.195,-46.02,82.69,73,10,8.81,clear sky,2021-07-17 12:14:59
338,Mar Del Plata,AR,-38.0023,-57.5575,44.13,64,57,13.0,broken clouds,2021-07-17 12:14:59
339,Novovasylivka,UA,46.8315,35.7536,91.92,38,20,8.1,few clouds,2021-07-17 12:15:00
340,Bousso,TD,10.4795,16.7117,85.55,60,100,5.64,moderate rain,2021-07-17 12:15:00
341,Iqaluit,CA,63.7506,-68.5145,47.7,81,54,3.0,broken clouds,2021-07-17 12:15:00
342,Cayenne,GF,4.9333,-52.3333,80.64,83,20,2.3,few clouds,2021-07-17 12:15:00
343,Panama City,PA,8.9936,-79.5197,82.06,94,20,2.3,few clouds,2021-07-17 12:15:01
344,Dabakala,CI,8.3667,-4.4333,73.85,94,100,2.84,light rain,2021-07-17 12:15:02
345,Seoul,KR,37.5683,126.9778,80.08,70,68,5.86,broken clouds,2021-07-17 12:15:03
346,Aboisso,CI,5.4678,-3.2071,80.6,77,96,9.08,light rain,2021-07-17 12:15:03
347,Uong Bi,VN,21.0333,106.7833,87.78,74,95,5.35,overcast clouds,2021-07-17 12:15:03
348,Sioux Lookout,CA,50.1001,-91.917,67.12,60,9,3.85,clear sky,2021-07-17 12:15:04
349,Tahoua,NE,14.8888,5.2692,93.22,42,47,14.97,scattered clouds,2021-07-17 12:15:04
350,Gouyave,GD,12.1646,-61.7296,80.04,77,10,16.42,clear sky,2021-07-17 12:15:04
351,Sibolga,ID,1.7427,98.7792,77.38,86,41,1.48,scattered clouds,2021-07-17 12:15:05
352,Paamiut,GL,61.994,-49.6678,44.73,95,100,4.74,light rain,2021-07-17 12:15:05
353,Porbandar,IN,21.6422,69.6093,86.02,78,71,18.12,broken clouds,2021-07-17 12:15:05
354,Guerrero Negro,MX,27.9769,-114.0611,66.38,90,5,9.33,clear sky,2021-07-17 12:15:06
355,Prizren,XK,42.2139,20.7397,74.84,47,62,1.52,light rain,2021-07-17 12:12:28
356,Hofn,IS,64.2539,-15.2082,60.82,51,7,17.27,clear sky,2021-07-17 12:15:06
357,Sindgi,IN,16.9167,76.2333,84.2,65,100,16.44,overcast clouds,2021-07-17 12:15:06
358,Byron Bay,AU,-28.65,153.6167,62.06,55,50,14.5,scattered clouds,2021-07-17 12:15:07
359,Mpika,ZM,-11.8343,31.4529,65.43,45,60,9.53,broken clouds,2021-07-17 12:15:07
360,Klyuchi,RU,52.2667,79.1667,73.85,47,90,5.14,overcast clouds,2021-07-17 12:15:07
361,Katobu,ID,-4.9408,122.5276,73.4,95,100,4.0,moderate rain,2021-07-17 12:15:08
362,North Bend,US,43.4065,-124.2243,55.94,92,75,4.61,broken clouds,2021-07-17 12:15:08
363,Leningradskiy,RU,69.3833,178.4167,35.98,94,82,6.93,broken clouds,2021-07-17 12:15:08
364,Mutis,CO,6.2262,-77.4044,76.73,92,99,5.21,moderate rain,2021-07-17 12:15:09
365,Madimba,TZ,-10.4,40.3333,81.25,51,41,17.69,scattered clouds,2021-07-17 12:15:09
366,Alto Piquiri,BR,-24.0281,-53.4406,61.2,89,40,1.01,scattered clouds,2021-07-17 12:15:09
367,Shestakovo,RU,56.4915,103.96,77.65,51,87,6.87,overcast clouds,2021-07-17 12:15:10
368,San Antonio,US,29.4241,-98.4936,78.55,88,90,6.91,overcast clouds,2021-07-17 12:12:45
369,Iwaki,JP,37.05,140.8833,80.24,88,62,1.01,broken clouds,2021-07-17 12:15:10
370,Hambantota,LK,6.1241,81.1185,83.8,71,96,17.34,overcast clouds,2021-07-17 12:15:10
371,Siva,EG,29.2041,25.5195,99.48,17,0,12.17,clear sky,2021-07-17 12:15:11
372,Iranshahr,IR,27.2025,60.6848,102.4,29,42,15.43,scattered clouds,2021-07-17 12:15:11
373,Saint-Pierre,RE,-21.3393,55.4781,75.29,71,75,18.41,light rain,2021-07-17 12:15:11
374,Grand Gaube,MU,-20.0064,57.6608,73.8,67,43,7.0,scattered clouds,2021-07-17 12:15:12
375,Hervey Bay,AU,-25.2986,152.8535,59.02,52,3,12.35,clear sky,2021-07-17 12:15:12
376,Chekhov,RU,55.1431,37.4711,91.29,49,28,4.03,scattered clouds,2021-07-17 12:15:12
377,Maddur,IN,12.6,77.0667,80.24,71,96,12.21,overcast clouds,2021-07-17 12:15:13
378,San Rafael,AR,-34.6177,-68.3301,39.96,45,0,3.56,clear sky,2021-07-17 12:15:13
379,Putina,PE,-15.4667,-69.4333,43.3,51,2,0.94,clear sky,2021-07-17 12:15:14
380,Aguimes,ES,27.9054,-15.4461,77.67,63,20,29.93,few clouds,2021-07-17 12:15:14
381,Kota Tinggi,MY,1.7381,103.8999,86.29,83,69,3.8,broken clouds,2021-07-17 12:15:14
382,Tomatlan,MX,19.9333,-105.25,73.99,91,99,3.06,overcast clouds,2021-07-17 12:15:14
383,Soe,ID,-9.8607,124.284,61.88,77,95,3.94,overcast clouds,2021-07-17 12:15:15
384,Stornoway,GB,58.2093,-6.3865,62.92,82,75,23.02,light intensity drizzle,2021-07-17 12:15:15
385,Bintulu,MY,3.1667,113.0333,80.28,80,92,4.41,overcast clouds,2021-07-17 12:15:16
386,Corner Brook,CA,48.9667,-57.9484,68.16,83,99,7.92,overcast clouds,2021-07-17 12:15:16
387,Necochea,AR,-38.5473,-58.7368,43.75,79,96,18.84,light rain,2021-07-17 12:15:16
388,Safford,US,32.834,-109.7076,73.11,94,1,4.61,clear sky,2021-07-17 12:15:17
389,Saskylakh,RU,71.9167,114.0833,58.46,42,8,2.75,clear sky,2021-07-17 12:15:17
390,Inirida,CO,3.8653,-67.9239,73.04,96,82,0.67,broken clouds,2021-07-17 12:15:17
391,Breytovo,RU,58.2993,37.8617,81.52,39,50,8.46,scattered clouds,2021-07-17 12:15:17
392,Shenjiamen,CN,29.9576,122.298,77.59,88,94,8.79,overcast clouds,2021-07-17 12:15:18
393,Muzhi,RU,65.3667,64.6667,66.4,52,75,6.53,broken clouds,2021-07-17 12:15:18
394,Antalaha,MG,-14.9003,50.2788,75.56,68,23,12.26,few clouds,2021-07-17 12:15:18
395,Itoman,JP,26.1247,127.6694,84.22,79,40,10.36,scattered clouds,2021-07-17 12:15:19
396,Coquimbo,CL,-29.9533,-71.3436,47.93,46,0,6.91,clear sky,2021-07-17 12:12:04
397,Bac Lieu,VN,9.285,105.7244,82.53,74,43,11.14,scattered clouds,2021-07-17 12:13:47
398,Bouna,CI,9.2667,-3.0,74.5,87,100,6.49,overcast clouds,2021-07-17 12:15:19
399,Ayan,RU,56.45,138.1667,62.28,66,98,11.52,overcast clouds,2021-07-17 12:15:19
400,Krasnyy Chikoy,RU,50.3643,108.7512,68.43,79,83,2.51,broken clouds,2021-07-17 12:12:10
401,Superior,US,46.7208,-92.1041,65.7,83,1,0.0,mist,2021-07-17 12:11:55
402,Uchaly,RU,54.2996,59.4521,70.32,62,60,7.05,broken clouds,2021-07-17 12:15:20
403,Flinders,AU,-34.5833,150.8552,52.25,68,43,22.48,scattered clouds,2021-07-17 12:15:21
404,Biloela,AU,-24.4167,150.5,56.25,37,5,5.14,clear sky,2021-07-17 12:15:21
405,Luancheng,CN,37.8792,114.6517,78.46,86,100,4.81,light rain,2021-07-17 12:15:21
406,Aitape,PG,-3.1374,142.3475,79.3,87,71,2.77,broken clouds,2021-07-17 12:15:21
407,Saint George,US,37.1041,-113.5841,83.35,50,1,1.99,clear sky,2021-07-17 12:15:22
408,Jardim,BR,-21.4803,-56.1381,65.7,85,92,2.33,overcast clouds,2021-07-17 12:15:22
409,Saint-Claude,FR,46.5,5.8333,70.2,77,44,12.26,scattered clouds,2021-07-17 12:15:22
410,Krasnoselkup,RU,65.7,82.4667,52.59,81,100,5.77,overcast clouds,2021-07-17 12:15:23
411,Santa Cruz,BO,-17.8,-63.1667,60.85,94,90,6.91,overcast clouds,2021-07-17 12:12:27
412,Saint-Georges,GD,12.0564,-61.7485,80.89,76,12,13.04,few clouds,2021-07-17 12:15:23
413,Sinnai,IT,39.3042,9.2036,85.35,41,0,17.27,clear sky,2021-07-17 12:15:23
414,Ormara,PK,25.2088,64.6357,86.9,77,51,10.96,broken clouds,2021-07-17 12:15:24
415,Ambilobe,MG,-13.2,49.05,86.34,34,19,3.42,few clouds,2021-07-17 12:15:24
416,Ust-Koksa,RU,50.2696,85.6108,66.11,57,61,6.44,broken clouds,2021-07-17 12:15:25
417,Magburaka,SL,8.7167,-11.95,79.79,89,99,2.51,moderate rain,2021-07-17 12:15:25
418,Katsuura,JP,35.1333,140.3,81.1,87,7,6.71,clear sky,2021-07-17 12:15:25
419,Pisco,PE,-13.7,-76.2167,61.02,88,90,0.0,smoke,2021-07-17 12:15:26
420,Namasuba,UG,0.6894,32.4214,76.82,43,79,7.0,broken clouds,2021-07-17 12:15:26
421,Livingston,GB,55.9029,-3.5226,77.14,59,0,16.11,clear sky,2021-07-17 12:15:26
422,Zagare,LT,56.3592,23.25,81.36,48,56,5.21,broken clouds,2021-07-17 12:15:27
423,Kidal,ML,18.4411,1.4078,105.3,10,2,4.29,clear sky,2021-07-17 12:15:27
424,Tabou,CI,4.423,-7.3528,78.53,76,100,10.45,overcast clouds,2021-07-17 12:15:28
425,Port Macquarie,AU,-31.4333,152.9167,57.09,44,0,18.41,clear sky,2021-07-17 12:15:28
426,Tahta,EG,26.7693,31.5021,105.66,10,44,8.39,scattered clouds,2021-07-17 12:15:28
427,Berbera,SO,10.4396,45.0143,95.09,34,100,30.96,overcast clouds,2021-07-17 12:15:28
428,Honningsvag,NO,70.9821,25.9704,50.31,79,99,26.17,overcast clouds,2021-07-17 12:15:29
429,Bela,IN,25.9333,81.9833,83.84,79,100,17.85,overcast clouds,2021-07-17 12:15:29
430,Mocuba,MZ,-16.8392,36.9856,78.44,39,3,9.44,clear sky,2021-07-17 12:15:30
431,Babu,CN,24.4167,111.5167,81.68,82,100,4.16,moderate rain,2021-07-17 12:15:30
432,Abeche,TD,13.8292,20.8324,84.22,41,90,4.61,overcast clouds,2021-07-17 12:15:30
433,Yerbogachen,RU,61.2767,108.0108,77.94,57,23,4.43,few clouds,2021-07-17 12:15:30
434,Turukhansk,RU,65.8167,87.9833,62.26,82,83,11.23,moderate rain,2021-07-17 12:15:31
435,Eyl,SO,7.9803,49.8164,89.28,42,100,29.04,overcast clouds,2021-07-17 12:15:31
436,Manicaragua,CU,22.1494,-79.9736,74.53,92,10,4.34,clear sky,2021-07-17 12:15:32
437,San Lazaro,BZ,18.0387,-88.6622,76.78,93,72,0.51,broken clouds,2021-07-17 12:15:32
438,Ternate,ID,0.8,127.4,80.1,79,75,14.38,broken clouds,2021-07-17 12:15:32
439,Saint Anthony,US,45.0205,-93.218,65.98,91,1,0.0,clear sky,2021-07-17 12:15:12
440,Adamovka,RU,51.5223,59.9396,80.8,43,94,10.02,overcast clouds,2021-07-17 12:15:33
441,Mehamn,NO,71.0357,27.8492,51.98,78,93,25.79,overcast clouds,2021-07-17 12:15:33
442,Margate,GB,51.3813,1.3862,78.19,66,0,5.01,clear sky,2021-07-17 12:15:33
443,Vila Velha,BR,-20.3297,-40.2925,77.97,67,0,4.61,clear sky,2021-07-17 12:15:34
444,Bandarbeyla,SO,9.4942,50.8122,90.0,44,82,31.85,broken clouds,2021-07-17 12:15:34
445,Kuybysheve,UA,47.358,36.6491,87.03,45,91,7.9,overcast clouds,2021-07-17 12:15:34
446,Maragogi,BR,-9.0122,-35.2225,77.0,82,32,5.88,scattered clouds,2021-07-17 12:12:26
447,Udaipur,IN,24.5712,73.6918,94.1,50,90,13.49,overcast clouds,2021-07-17 12:11:28
448,Tiksi,RU,71.6872,128.8694,38.82,74,100,14.54,overcast clouds,2021-07-17 12:15:35
449,Biak,ID,-0.9131,122.8766,73.38,91,100,9.57,overcast clouds,2021-07-17 12:15:35
450,Husavik,IS,66.0449,-17.3389,55.31,74,72,5.32,broken clouds,2021-07-17 12:15:35
451,Mayo,US,38.8876,-76.5119,83.98,85,1,1.99,clear sky,2021-07-17 12:15:36
452,Aasiaat,GL,68.7098,-52.8699,42.37,79,14,6.93,few clouds,2021-07-17 12:15:36
453,Muros,ES,42.7762,-9.0603,93.7,45,0,5.12,clear sky,2021-07-17 12:15:37
454,Kpandae,GH,8.4689,-0.0113,72.55,96,100,10.96,moderate rain,2021-07-17 12:15:37
455,Kurduvadi,IN,18.0833,75.4333,85.71,63,86,9.44,light rain,2021-07-17 12:15:38
456,San Isidro,PE,-12.1167,-77.05,61.02,97,90,6.91,overcast clouds,2021-07-17 12:15:38
457,Lavrentiya,RU,65.5833,-171.0,43.0,98,100,7.07,overcast clouds,2021-07-17 12:15:38
458,Toora-Khem,RU,52.4675,96.11,68.61,54,82,2.06,broken clouds,2021-07-17 12:15:39
459,Champerico,GT,14.3,-91.9167,79.03,83,44,4.18,scattered clouds,2021-07-17 12:15:39
460,Sheridan,US,44.8333,-106.9173,69.98,62,1,0.0,clear sky,2021-07-17 12:15:39
461,Spring Valley,US,36.108,-115.245,89.55,24,20,1.01,few clouds,2021-07-17 12:15:40
462,Shingu,JP,33.7333,135.9833,80.91,94,99,6.91,overcast clouds,2021-07-17 12:15:40
463,Bistra,RO,46.3833,23.1,84.72,39,11,5.26,few clouds,2021-07-17 12:15:41
464,Amga,RU,60.8953,131.9608,64.4,62,2,3.78,clear sky,2021-07-17 12:12:15
465,Dalhousie,IN,32.5333,75.9833,74.3,63,42,2.04,scattered clouds,2021-07-17 12:15:41
466,La Ronge,CA,55.1001,-105.2842,52.05,76,90,9.22,smoke,2021-07-17 12:15:41
467,Keflavik,IS,64.0049,-22.5624,53.53,100,90,5.75,overcast clouds,2021-07-17 12:15:42
468,Vestmanna,FO,62.1564,-7.1664,50.92,87,90,18.41,overcast clouds,2021-07-17 12:15:42
469,Alyangula,AU,-13.8483,136.4192,72.1,74,90,10.85,overcast clouds,2021-07-17 12:15:43
470,Namibe,AO,-15.1961,12.1522,80.2,46,0,9.69,clear sky,2021-07-17 12:15:43
471,Nyurba,RU,63.2842,118.3319,66.97,85,98,5.91,overcast clouds,2021-07-17 12:15:43
472,Nkayi,CG,-4.1841,13.2884,93.58,37,28,3.78,scattered clouds,2021-07-17 12:15:44
473,Qui Nhon,VN,13.7667,109.2333,80.22,86,58,5.1,broken clouds,2021-07-17 12:15:44
474,Imeni Poliny Osipenko,RU,52.4201,136.4853,70.38,69,85,3.89,overcast clouds,2021-07-17 12:15:44
475,Angostura,MX,25.3667,-108.1833,80.01,79,51,5.77,broken clouds,2021-07-17 12:15:44
476,Burgeo,CA,47.6167,-57.6152,59.02,99,100,5.73,overcast clouds,2021-07-17 12:15:45
477,Tabuk,PH,17.4189,121.4443,76.75,91,100,3.78,very heavy rain,2021-07-17 12:15:45
478,Singleton,AU,-32.5667,151.1833,53.49,54,41,14.0,scattered clouds,2021-07-17 12:15:45
479,Marrakesh,MA,31.6315,-8.0083,100.47,22,20,5.75,few clouds,2021-07-17 12:13:01
480,Karratha,AU,-20.7377,116.8463,69.26,41,34,4.56,scattered clouds,2021-07-17 12:15:46
481,Safut,JO,32.0336,35.8332,91.72,22,0,9.22,clear sky,2021-07-17 12:15:46
482,Xining,CN,36.6167,101.7667,61.93,78,36,4.79,scattered clouds,2021-07-17 12:15:46
483,Nuuk,GL,64.1835,-51.7216,48.81,93,75,10.36,light intensity shower rain,2021-07-17 12:15:47
484,Huilong,CN,31.8111,121.655,81.99,90,83,11.97,broken clouds,2021-07-17 12:15:47
485,Opuwo,NA,-18.0607,13.84,78.6,26,0,16.98,clear sky,2021-07-17 12:15:47
486,Cabedelo,BR,-6.9811,-34.8339,74.07,77,17,11.83,few clouds,2021-07-17 12:15:47
487,Paita,PE,-5.0892,-81.1144,64.45,86,75,10.76,broken clouds,2021-07-17 12:15:48
488,Sola,VU,-13.8833,167.55,77.67,94,75,0.0,broken clouds,2021-07-17 12:15:48
489,Birjand,IR,32.8663,59.2211,97.27,11,40,6.91,scattered clouds,2021-07-17 12:15:48
490,Poya,NC,-21.35,165.15,70.48,82,1,2.33,clear sky,2021-07-17 12:15:49
491,Quatre Cocos,MU,-20.2078,57.7625,73.51,63,25,21.03,scattered clouds,2021-07-17 12:15:49
492,Portland,US,45.5234,-122.6762,62.58,81,75,3.44,broken clouds,2021-07-17 12:15:49
493,Tecolutla,MX,20.4833,-97.0167,80.46,93,100,4.23,overcast clouds,2021-07-17 12:15:50
494,Mount Isa,AU,-20.7333,139.5,49.77,43,72,6.91,broken clouds,2021-07-17 12:15:50
495,Kayerkan,RU,69.3497,87.7602,55.0,68,89,2.06,overcast clouds,2021-07-17 12:15:50
496,Aykhal,RU,66.0,111.5,60.71,68,65,8.37,broken clouds,2021-07-17 12:15:51
497,Penne,IT,42.4538,13.9299,68.14,90,96,1.5,heavy intensity rain,2021-07-17 12:15:51
498,Lahij,YE,13.1667,44.5833,93.13,35,100,5.44,overcast clouds,2021-07-17 12:15:51
499,Hoshangabad,IN,22.75,77.7167,95.52,43,100,10.98,overcast clouds,2021-07-17 12:15:51
500,Soure,BR,-0.7167,-48.5233,82.18,76,13,11.83,few clouds,2021-07-17 12:15:52
501,Koungheul,SN,13.9833,-14.8,92.53,48,61,6.76,broken clouds,2021-07-17 12:15:52
502,Magaria,NE,12.9983,8.9099,92.71,40,37,12.5,scattered clouds,2021-07-17 12:15:52
503,Yarada,IN,17.65,83.2667,88.12,74,40,8.05,scattered clouds,2021-07-17 12:15:53
504,Svetlyy,RU,54.675,20.1347,78.85,71,40,10.4,scattered clouds,2021-07-17 12:15:53
505,Arman,RU,59.7,150.1667,56.53,96,100,7.29,light rain,2021-07-17 12:15:53
506,Cherkasskoye,RU,52.4333,47.2167,88.43,40,13,2.21,few clouds,2021-07-17 12:15:54
507,Almaty,KZ,43.25,76.95,84.11,26,40,4.47,scattered clouds,2021-07-17 12:15:54
508,Lampang,TH,18.3333,99.5,87.71,58,40,6.91,scattered clouds,2021-07-17 12:15:54
509,Ust-Tsilma,RU,65.441,52.1498,69.62,56,91,7.29,overcast clouds,2021-07-17 12:15:55
510,Spisske Podhradie,SK,49.0009,20.7531,82.38,74,100,5.88,overcast clouds,2021-07-17 12:15:55
511,Atar,MR,20.5169,-13.0499,95.05,23,13,9.22,few clouds,2021-07-17 12:15:55
512,Voyvozh,RU,62.892,54.9635,67.17,66,80,6.26,broken clouds,2021-07-17 12:15:56
513,Bud,US,39.447,-86.1758,70.21,97,93,5.41,overcast clouds,2021-07-17 12:15:56
514,Santa Cruz Del Sur,CU,20.7147,-77.9956,76.53,88,22,12.84,few clouds,2021-07-17 12:15:56
515,Lodja,CD,-3.4833,23.4333,100.33,14,95,3.89,overcast clouds,2021-07-17 12:15:57
516,Ahuimanu,US,21.4447,-157.8378,78.51,72,75,5.75,broken clouds,2021-07-17 12:15:57
517,Shubarkuduk,KZ,49.1447,56.4872,90.41,27,100,20.22,overcast clouds,2021-07-17 12:15:57
518,Harper,LR,4.375,-7.7169,78.24,77,100,10.27,overcast clouds,2021-07-17 12:15:58
519,Taree,AU,-31.9,152.4667,57.06,44,2,20.71,clear sky,2021-07-17 12:11:12
520,Vidalia,US,32.2177,-82.4135,77.72,88,90,0.0,overcast clouds,2021-07-17 12:12:58
521,Skibbereen,IE,51.55,-9.2667,75.0,68,0,9.15,clear sky,2021-07-17 12:15:58
522,Zonguldak,TR,41.25,31.8333,81.45,31,0,8.93,clear sky,2021-07-17 12:15:59
523,Oussouye,SN,12.485,-16.5469,87.98,75,100,4.27,overcast clouds,2021-07-17 12:15:59
524,Hinatuan,PH,8.3722,126.3342,79.52,83,98,4.63,overcast clouds,2021-07-17 12:15:59
525,Yaviza,PA,8.1537,-77.6931,74.53,99,77,2.13,broken clouds,2021-07-17 12:16:00
526,Jhol,PK,25.9551,68.8882,102.27,38,75,9.28,broken clouds,2021-07-17 12:16:00
527,Banepa,NP,27.6298,85.5214,70.12,100,75,2.3,broken clouds,2021-07-17 12:16:00
528,Kota Bahru,MY,6.1333,102.2386,84.15,84,20,4.61,few clouds,2021-07-17 12:16:01
529,Gilgit,PK,35.9221,74.3087,96.93,28,16,4.05,few clouds,2021-07-17 12:16:01
530,Shaunavon,CA,49.6501,-108.4181,64.18,48,51,3.76,broken clouds,2021-07-17 12:16:01
531,Bathsheba,BB,13.2167,-59.5167,79.41,89,75,11.5,broken clouds,2021-07-17 12:16:02
532,Saint-Louis,SN,16.3333,-15.0,92.41,40,20,7.27,few clouds,2021-07-17 12:16:02
533,Saint-Augustin,CA,51.226,-58.6502,63.9,62,61,14.54,broken clouds,2021-07-17 12:16:02
534,Kingston,JM,17.997,-76.7936,79.16,78,96,2.98,overcast clouds,2021-07-17 12:13:02
535,Dzhuryn,UA,49.0329,25.5839,87.08,46,53,5.91,broken clouds,2021-07-17 12:16:03
536,Sovetskiy,RU,61.3614,63.5842,75.15,35,64,2.19,broken clouds,2021-07-17 12:16:03
537,Kutum,SD,14.2,24.6667,87.06,34,99,14.2,overcast clouds,2021-07-17 12:16:03
538,Weiser,US,44.251,-116.9693,71.8,47,0,5.95,clear sky,2021-07-17 12:16:03
539,Grindavik,IS,63.8424,-22.4338,53.56,100,90,5.75,overcast clouds,2021-07-17 12:16:04
540,Jinchang,CN,38.4953,102.1739,91.53,18,1,10.6,clear sky,2021-07-17 12:16:04
541,Fillmore,US,43.6666,-92.1002,63.59,92,1,3.47,clear sky,2021-07-17 12:16:04
542,Aklavik,CA,68.2191,-135.0107,61.52,57,20,9.66,few clouds,2021-07-17 12:16:05
543,Bucerias,MX,20.75,-105.3333,77.99,88,40,4.61,scattered clouds,2021-07-17 12:15:00
544,Tecoanapa,MX,16.5167,-98.75,75.04,80,100,4.14,overcast clouds,2021-07-17 12:16:05
545,Kamuli,UG,0.9472,33.1197,77.22,50,89,6.31,overcast clouds,2021-07-17 12:16:05
546,Lagoa,PT,39.05,-27.9833,65.88,67,21,8.84,few clouds,2021-07-17 12:16:06
547,Lahad Datu,MY,5.0268,118.327,78.71,86,95,7.56,light rain,2021-07-17 12:16:06
548,Saint-Denis,FR,48.9167,2.3333,72.09,71,90,9.22,overcast clouds,2021-07-17 12:16:06
549,Buala,SB,-8.145,159.5921,81.27,81,81,11.63,broken clouds,2021-07-17 12:16:06
550,Geraldton,AU,-28.7667,114.6,59.41,88,90,8.05,overcast clouds,2021-07-17 12:16:07
551,Totness,SR,5.8833,-56.3167,77.2,87,61,5.55,broken clouds,2021-07-17 12:16:07
552,Zaltan,LY,32.947,11.8665,83.23,52,0,15.37,clear sky,2021-07-17 12:16:07
553,Palencia,ES,42.4167,-4.5,82.92,18,0,8.81,clear sky,2021-07-17 12:16:08
554,Raga,SS,8.4596,25.678,87.33,53,54,5.88,light rain,2021-07-17 12:16:08
555,Laguna,US,38.421,-121.4238,71.42,75,1,1.99,clear sky,2021-07-17 12:16:09
556,Xingtai,CN,37.0631,114.4942,78.94,83,96,7.9,light rain,2021-07-17 12:16:09
557,Beira,MZ,-19.8436,34.8389,62.42,88,96,11.92,light rain,2021-07-17 12:15:01
558,Saint-Francois,FR,46.4154,3.9054,73.67,70,90,10.36,overcast clouds,2021-07-17 12:16:09
559,Nizwa,OM,22.9333,57.5333,88.39,56,86,11.34,overcast clouds,2021-07-17 12:16:10
560,Northam,GB,51.0333,-4.2167,81.61,73,0,6.4,clear sky,2021-07-17 12:16:10
561,Centralia,US,46.7162,-122.9543,58.46,84,90,0.0,overcast clouds,2021-07-17 12:13:35
562,Nador,MA,35.174,-2.9287,86.07,69,20,9.22,few clouds,2021-07-17 12:16:10
563,Reconquista,AR,-29.15,-59.65,49.73,84,0,6.04,clear sky,2021-07-17 12:16:10
564,Povenets,RU,62.8487,34.8262,74.8,38,1,6.08,clear sky,2021-07-17 12:16:11
565,Braco Do Norte,BR,-28.275,-49.1656,63.27,79,21,0.58,few clouds,2021-07-17 12:16:11
566,Panaba,MX,21.2833,-88.2667,75.04,94,50,4.59,scattered clouds,2021-07-17 12:16:12
567,Port Augusta,AU,-32.5,137.7667,46.71,58,41,5.7,scattered clouds,2021-07-17 12:16:12
568,Samarai,PG,-10.6167,150.6667,79.81,86,36,12.1,scattered clouds,2021-07-17 12:16:12
569,Chipata,ZM,-13.6333,32.65,74.34,24,6,7.58,clear sky,2021-07-17 12:16:12
570,Tarko-Sale,RU,64.9225,77.785,51.48,78,100,10.18,overcast clouds,2021-07-17 12:16:13
571,Adrar,MR,20.5022,-10.0711,102.33,18,23,10.49,few clouds,2021-07-17 12:16:13
572,San Pedro,PH,14.35,121.0167,83.35,82,100,8.77,moderate rain,2021-07-17 12:16:13
573,Auki,SB,-8.7676,160.7034,78.1,87,57,3.53,broken clouds,2021-07-17 12:15:16
574,Qaqortoq,GL,60.7167,-46.0333,55.9,68,100,7.2,overcast clouds,2021-07-17 12:16:14
575,Kyren,RU,51.6828,102.1408,73.27,73,90,3.29,light rain,2021-07-17 12:16:14
576,Olinda,BR,-8.0089,-34.8553,73.13,88,75,9.22,mist,2021-07-17 12:16:14
577,Komsomolskiy,UZ,40.4272,71.7189,86.72,35,86,4.61,overcast clouds,2021-07-17 12:16:15
578,Sabaudia,IT,41.3003,13.0282,83.91,63,21,13.94,few clouds,2021-07-17 12:16:15
579,Huarmey,PE,-10.0681,-78.1522,63.5,84,63,6.64,broken clouds,2021-07-17 12:16:15
580,Sao Gabriel Da Cachoeira,BR,-0.1303,-67.0892,75.0,94,20,1.14,few clouds,2021-07-17 12:16:16
581,Pemangkat,ID,1.1667,108.9667,81.57,80,27,12.1,scattered clouds,2021-07-17 12:16:16
582,Barabai,ID,-2.5833,115.3833,74.86,97,99,1.9,overcast clouds,2021-07-17 12:16:16
583,Yerofey Pavlovich,RU,53.9667,121.9667,65.12,74,65,3.0,broken clouds,2021-07-17 12:16:16
584,Thaba-Tseka,LS,-29.522,28.6084,51.69,11,0,3.78,clear sky,2021-07-17 12:16:17
585,Korla,CN,41.7597,86.1469,96.12,18,32,6.53,scattered clouds,2021-07-17 12:16:17
586,Changying,CN,52.8733,123.3213,66.97,60,41,0.72,scattered clouds,2021-07-17 12:16:17
587,Umm Lajj,SA,25.0213,37.2685,89.69,57,100,13.11,overcast clouds,2021-07-17 12:16:18
588,Marsaxlokk,MT,35.8419,14.5431,83.01,57,20,24.16,few clouds,2021-07-17 12:16:18
589,Kendari,ID,-3.945,122.4989,71.28,96,100,1.77,overcast clouds,2021-07-17 12:16:18
590,Narsaq,GL,60.9167,-46.05,55.62,66,100,5.37,overcast clouds,2021-07-17 12:16:19
591,Novikovo,RU,51.1537,37.8879,87.49,44,14,7.27,few clouds,2021-07-17 12:16:19
592,Ahipara,NZ,-35.1667,173.1667,58.91,85,3,16.17,clear sky,2021-07-17 12:16:19
593,Mopipi,BW,-21.1833,24.8833,70.9,27,0,6.58,clear sky,2021-07-17 12:16:20
594,Three Hills,CA,51.7001,-113.2686,53.67,87,9,10.36,clear sky,2021-07-17 12:16:20
595,Bakchar,RU,57.0186,82.0711,58.75,92,97,8.79,light rain,2021-07-17 12:16:20
596,Evensk,RU,61.95,159.2333,54.25,84,100,1.41,overcast clouds,2021-07-17 12:12:16
597,Veraval,IN,20.9,70.3667,85.42,78,49,16.64,scattered clouds,2021-07-17 12:16:21
598,Yuzhno-Kurilsk,RU,44.0306,145.8556,61.32,95,71,3.27,broken clouds,2021-07-17 12:16:21
599,Wangqing,CN,43.3218,129.7634,73.35,94,20,4.07,few clouds,2021-07-17 12:16:21
600,Salina,US,38.8403,-97.6114,73.53,94,1,4.61,clear sky,2021-07-17 12:12:32
601,Puerto Ayacucho,VE,5.6639,-67.6236,74.98,90,71,1.97,broken clouds,2021-07-17 12:16:22
602,Espanola,US,35.9911,-106.0806,69.64,62,77,4.81,broken clouds,2021-07-17 12:15:12
603,Paris,FR,48.8534,2.3488,71.78,72,90,9.22,overcast clouds,2021-07-17 12:13:34
604,Rochegda,RU,62.8,43.25,78.87,31,1,7.52,clear sky,2021-07-17 12:16:22
605,Kanker,IN,20.2719,81.4931,87.22,61,100,6.06,overcast clouds,2021-07-17 12:16:22
606,El Sauzal,MX,31.9,-116.6833,66.42,86,82,3.38,broken clouds,2021-07-17 12:16:23
607,Kilis,TR,36.7161,37.115,102.43,15,1,10.09,clear sky,2021-07-17 12:16:23
608,Vulcan,RO,45.3833,23.2667,83.03,31,1,6.91,clear sky,2021-07-17 12:16:23
609,Basco,PH,20.4487,121.9702,83.77,80,58,8.41,broken clouds,2021-07-17 12:16:24
610,Chandbali,IN,20.7833,86.7667,89.49,64,100,13.33,overcast clouds,2021-07-17 12:16:24
611,Martinsville,US,36.6915,-79.8725,76.44,100,75,0.0,broken clouds,2021-07-17 12:14:07
612,Salalah,OM,17.0151,54.0924,78.89,89,90,12.66,haze,2021-07-17 12:16:24
613,Bulgan,MN,48.8125,103.5347,70.95,75,54,2.15,broken clouds,2021-07-17 12:16:25
614,Faya,SA,18.3851,42.4509,80.71,32,95,12.41,overcast clouds,2021-07-17 12:16:25
615,Dongying,CN,37.4564,118.4856,81.48,73,59,11.43,light rain,2021-07-17 12:16:26
616,Laramie,US,41.3114,-105.5911,60.24,71,1,6.91,clear sky,2021-07-17 12:16:26
617,Misratah,LY,32.3754,15.0925,82.22,60,0,19.6,clear sky,2021-07-17 12:16:26
618,Belaya Gora,RU,68.5333,146.4167,54.48,90,100,14.74,light rain,2021-07-17 12:16:26
619,Jiexiu,CN,37.0244,111.9125,76.15,84,76,8.48,light rain,2021-07-17 12:16:27
620,Hof,DE,50.3167,11.9167,67.51,72,90,9.22,mist,2021-07-17 12:16:27
621,Dudinka,RU,69.4058,86.1778,59.97,52,65,6.89,broken clouds,2021-07-17 12:16:27
622,Zhongxing,CN,33.7039,118.6792,75.24,83,56,5.39,heavy intensity rain,2021-07-17 12:16:28
623,Esso,RU,55.9333,158.7,58.78,94,100,5.1,overcast clouds,2021-07-17 12:16:28
624,Nushki,PK,29.5542,66.0215,99.25,27,90,13.4,overcast clouds,2021-07-17 12:16:28
625,Parrita,CR,9.5201,-84.3225,81.05,82,92,4.59,light rain,2021-07-17 12:11:59
626,Neyshabur,IR,36.2133,58.7958,88.75,22,94,7.25,overcast clouds,2021-07-17 12:16:29
627,Matagami,CA,49.7502,-77.6328,62.71,82,1,3.44,clear sky,2021-07-17 12:16:29
628,Pecos,US,31.4229,-103.4932,77.83,69,1,9.22,clear sky,2021-07-17 12:16:29
629,Ballina,AU,-28.8667,153.5667,59.18,52,44,17.02,scattered clouds,2021-07-17 12:16:30
630,Santa Cruz Cabralia,BR,-16.2781,-39.0247,77.23,73,20,5.75,few clouds,2021-07-17 12:16:05
631,Sao Jose Da Coroa Grande,BR,-8.8978,-35.1478,77.45,80,34,6.33,scattered clouds,2021-07-17 12:16:30
632,Bella Union,UY,-30.2752,-57.6007,49.05,88,0,7.11,clear sky,2021-07-17 12:16:31
633,Oum Hadjer,TD,13.2954,19.6966,82.83,56,100,11.5,overcast clouds,2021-07-17 12:16:31
634,Okha,RU,53.5739,142.9478,56.46,98,51,11.56,broken clouds,2021-07-17 12:16:31
635,Bodden Town,KY,19.2833,-81.25,84.2,81,20,1.99,few clouds,2021-07-17 12:16:31
636,Mount Gambier,AU,-37.8333,140.7667,49.19,75,98,11.25,light rain,2021-07-17 12:16:32
637,Elizabethtown,US,37.694,-85.8591,73.13,98,90,5.75,overcast clouds,2021-07-17 12:16:32
638,Ambam,CM,2.3833,11.2833,78.96,54,78,2.1,light rain,2021-07-17 12:16:32
639,Mattru,SL,7.6244,-11.8332,78.06,89,100,3.29,light rain,2021-07-17 12:16:33
640,Zhucheng,CN,35.9947,119.3975,75.06,93,8,8.77,clear sky,2021-07-17 12:16:33
641,Riverton,US,40.5219,-111.9391,74.19,49,1,4.0,clear sky,2021-07-17 12:12:15
642,Honiara,SB,-9.4333,159.95,77.36,90,41,7.7,scattered clouds,2021-07-17 12:13:34
643,Batemans Bay,AU,-35.7167,150.1833,48.2,62,38,7.49,scattered clouds,2021-07-17 12:16:34
644,Pedernales,DO,18.0384,-71.744,81.91,67,33,3.56,scattered clouds,2021-07-17 12:16:34
645,Ramona,US,33.0417,-116.8681,68.4,90,1,3.44,clear sky,2021-07-17 12:16:35
646,Tabas,IR,33.5959,56.9244,107.13,13,64,4.05,broken clouds,2021-07-17 12:16:35
647,Santiago Del Estero,AR,-27.7951,-64.2615,49.8,31,0,11.9,clear sky,2021-07-17 12:16:35
648,Gornopravdinsk,RU,60.05,69.9,64.11,59,96,3.4,overcast clouds,2021-07-17 12:16:36
649,Cukai,MY,4.25,103.4167,84.34,82,88,4.61,overcast clouds,2021-07-17 12:16:36
650,Elmira,US,42.0898,-76.8077,72.34,94,90,3.44,overcast clouds,2021-07-17 12:12:21
651,Mariental,NA,-24.6333,17.9667,71.96,26,0,8.34,clear sky,2021-07-17 12:16:36
652,Marsh Harbour,BS,26.5412,-77.0636,81.45,71,7,8.7,clear sky,2021-07-17 12:16:37
653,Sinegorye,RU,62.0788,150.477,54.66,92,100,4.03,light rain,2021-07-17 12:16:37
654,Nicoya,CR,10.1483,-85.452,69.35,89,97,1.66,overcast clouds,2021-07-17 12:16:37
655,Vallenar,CL,-28.5708,-70.7581,60.8,10,70,5.21,broken clouds,2021-07-17 12:16:38
656,Nacala,MZ,-14.5428,40.6728,83.52,44,75,104.71,broken clouds,2021-07-17 12:16:38
657,Mitsamiouli,KM,-11.3847,43.2844,77.61,69,30,16.8,scattered clouds,2021-07-17 12:16:39
658,Nemuro,JP,43.3236,145.575,60.91,95,99,1.57,overcast clouds,2021-07-17 12:16:39
659,Coihaique,CL,-45.5752,-72.0662,32.61,93,20,3.44,few clouds,2021-07-17 12:16:39
660,Dongsheng,CN,39.8161,109.9776,82.99,36,41,3.33,scattered clouds,2021-07-17 12:16:40
661,Potosi,BO,-19.5836,-65.7531,37.0,17,21,3.51,few clouds,2021-07-17 12:16:40
662,Kawalu,ID,-7.3817,108.2082,71.96,96,70,2.48,broken clouds,2021-07-17 12:16:40
663,Vardo,NO,70.3705,31.1107,57.4,82,88,4.97,light rain,2021-07-17 12:16:40
664,Hastings,GB,50.8552,0.5729,79.54,56,0,9.48,clear sky,2021-07-17 12:16:41
665,Nouadhibou,MR,20.931,-17.0347,67.35,91,0,15.52,clear sky,2021-07-17 12:16:41
666,Kirakira,SB,-10.4544,161.9205,81.16,84,85,11.23,overcast clouds,2021-07-17 12:16:41
667,Kilindoni,TZ,-7.9139,39.6668,75.74,69,37,17.34,scattered clouds,2021-07-17 12:16:42
668,Neenah,US,44.1858,-88.4626,65.66,91,40,5.75,scattered clouds,2021-07-17 12:16:42
669,Mnogovershinnyy,RU,53.9353,139.9242,58.03,74,14,5.28,few clouds,2021-07-17 12:16:42
670,Beauvais,FR,49.4167,2.0,72.63,71,75,10.36,broken clouds,2021-07-17 12:16:43
671,Abha,SA,18.2164,42.5053,80.42,28,75,13.8,broken clouds,2021-07-17 12:16:43
672,Manaus,BR,-3.1019,-60.025,81.09,78,0,5.75,clear sky,2021-07-17 12:15:10
673,Hermosillo,MX,29.0667,-110.9667,84.29,75,90,1.99,overcast clouds,2021-07-17 12:16:43
674,Mangrol,IN,21.1167,70.1167,85.28,78,50,16.87,scattered clouds,2021-07-17 12:16:44
675,Teluk Nibung,ID,3.001,99.8164,80.51,82,73,3.98,broken clouds,2021-07-17 12:16:44
676,Atbasar,KZ,51.8,68.3333,80.6,38,100,5.97,heavy intensity rain,2021-07-17 12:16:44
677,Bay Roberts,CA,47.5999,-53.2648,76.75,80,97,1.99,overcast clouds,2021-07-17 12:16:45
678,Kalispell,US,48.1958,-114.3129,60.66,68,8,1.12,clear sky,2021-07-17 12:16:45
679,Pasighat,IN,28.0667,95.3333,80.62,95,76,1.34,broken clouds,2021-07-17 12:16:45
680,Campo Verde,BR,-20.4167,-54.0667,70.81,77,92,5.66,overcast clouds,2021-07-17 12:14:39
681,Maroantsetra,MG,-15.4333,49.7333,72.0,83,58,8.84,light rain,2021-07-17 12:16:46
682,Vikulovo,RU,56.8167,70.6107,59.81,85,59,10.45,light rain,2021-07-17 12:16:46
683,Vanimo,PG,-2.6741,141.3028,78.8,87,62,3.71,broken clouds,2021-07-17 12:16:47
684,Brejo Da Madre De Deus,BR,-8.1458,-36.3711,74.07,67,83,8.1,broken clouds,2021-07-17 12:16:47
685,Eureka,US,40.8021,-124.1637,56.75,77,3,1.01,clear sky,2021-07-17 12:15:30
686,Lipari,IT,38.4674,14.954,83.08,67,13,14.63,few clouds,2021-07-17 12:16:47
687,Namie,JP,37.4833,141.0,78.71,91,78,6.82,broken clouds,2021-07-17 12:16:48
688,Carangola,BR,-20.7331,-42.0294,74.82,53,61,3.65,broken clouds,2021-07-17 12:16:48
689,Kaeo,NZ,-35.1,173.7833,60.33,88,9,14.03,clear sky,2021-07-17 12:16:48
690,Bonthe,SL,7.5264,-12.505,78.76,86,100,8.81,moderate rain,2021-07-17 12:16:49
691,Praia Da Vitoria,PT,38.7333,-27.0667,71.76,78,40,7.56,scattered clouds,2021-07-17 12:16:49
692,Pitimbu,BR,-7.4706,-34.8086,73.99,77,19,11.92,few clouds,2021-07-17 12:16:49
693,Santa Isabel,BR,-23.3156,-46.2214,66.65,85,99,3.44,light rain,2021-07-17 12:16:50
694,Sakakah,SA,29.9697,40.2064,108.97,8,1,5.68,clear sky,2021-07-17 12:16:50
695,Acapulco,MX,16.8634,-99.8901,76.78,65,100,4.05,overcast clouds,2021-07-17 12:13:37
696,Winnemucca,US,40.973,-117.7357,51.85,28,1,8.05,clear sky,2021-07-17 12:16:51
697,Staryy Nadym,RU,65.6118,72.6842,59.02,50,99,8.05,overcast clouds,2021-07-17 12:16:52
698,Lazo,RU,43.3817,133.9014,72.66,95,29,3.96,scattered clouds,2021-07-17 12:15:12
699,Phu Ly,VN,20.5411,105.9139,85.57,71,97,9.15,overcast clouds,2021-07-17 12:16:52
700,Deder,ET,9.3167,41.45,59.2,83,100,4.0,light rain,2021-07-17 12:16:52
701,Petropavlovsk-Kamchatskiy,RU,53.0452,158.6483,52.39,100,90,2.24,light rain,2021-07-17 12:16:53
702,Barra Do Bugres,BR,-15.0725,-57.1811,75.27,37,0,1.36,clear sky,2021-07-17 12:12:24
703,Muravlenko,RU,63.7898,74.523,51.62,88,100,9.89,overcast clouds,2021-07-17 12:16:53
704,Whitehorse,CA,60.7161,-135.0538,48.31,61,26,1.99,scattered clouds,2021-07-17 12:15:12
705,Kingaroy,AU,-26.5333,151.8333,52.86,56,2,12.8,clear sky,2021-07-17 12:16:54
706,Waipawa,NZ,-41.4122,175.5153,55.02,85,69,29.86,broken clouds,2021-07-17 12:16:54
707,Liverpool,GB,53.4106,-2.9779,84.15,68,20,4.0,few clouds,2021-07-17 12:14:08
708,Shalinskoye,RU,55.7228,93.7594,66.72,64,37,10.8,scattered clouds,2021-07-17 12:16:55
